DATE,Lot No.,Chassis code,Chassis no,Make,Model,GRADE,Year,Month/Year,CC,SEAT,Score,Exterior,INTERIOR,Transimission,Body Type,Color,Doors,"Odometer
(km)",A/C,Fuel,Equipment,"WHOLESALE PRICE
(JPY)",,,,,,
16 July 2026,27481,GP7,GP7-101183,SUBARU,Impreza Wagon,２．０i EyeSight,2015,9/2015,2000,5,4,C,C,AT,WAGON,WHITE,5,62000,AC,GASOLINE,"PS,PW,AW,TV,ABS,airbags,HID,AAC,NAVI,AC,Back Camera,Push Start, Parking Sensors,FOG Light,RADIO,Keyless","690,000",,,,,,
16 July 2026,27586,GTE,GTE-007634,SUBARU,XV,advance,2019,5/2019,2000,5,4,C,B,AT,SUV,GRAY,5,53000,AC,HYBRID,"PS,PW,AW,TV,ABS,airbags,HID,AAC,NAVI,AC,Back Camera,Push Start, Parking Sensors,FOG Light,RADIO,Keyless","1,450,000",,,,,,
16 July 2026,27594,GP7,GP7-031265,SUBARU,Impreza Wagon,２．０i EyeSight,2013,1/2013,2000,5,4,C,C,AT,WAGON,WHITE,5,77000,AC,GASOLINE,"PS,PW,AW,TV,ABS,airbags,HID,AAC,NAVI,AC,Back Camera,Push Start, Parking Sensors,FOG Light,RADIO,Keyless","450,000",,,,,,
16 July 2026,27621,MH55S,MH55S-286434,SUZUKI,Wagon R,FZ,2019,5/2019,660,4,4,C,B,AT,WAGON,SILVER,5,37000,AC,HYBRID,"PS,PW,AW,TV,ABS,airbags,HID,AAC,NAVI,AC,Back Camera,Push Start, Parking Sensors,RADIO,Keyless","600,000",,,,,,
16 July 2026,27707,GT7,GT7-194392,SUBARU,XV,２．０i-L EyeSight,2019,1/2019,2000,5,4,C,B,AT,SUV,WHITE,5,45000,AC,GASOLINE,"PS,PW,AW,TV,ABS,airbags,HID,AAC,NAVI,AC,Back Camera,Push Start, Parking Sensors,FOG Light,RADIO,Keyless","1,650,000",,,,,,
16 July 2026,27779,MH35S,MH35S-142003,SUZUKI,Wagon R,FA,2019,12/2019,660,4,4,C,B,AT,WAGON,WHITE,5,80000,AC,GASOLINE,"PS,PW,AW,ABS,airbags,HID,AAC,AC,Parking Sensors,RADIO,Keyless","560,000",,,,,,
16 July 2026,29245,MH95S,MH95S-147509,SUZUKI,Wagon R,FZ,2020,11/2020,660,4,4.5,B,B,AT,WAGON,GREEN,5,18000,AC,HYBRID,"PS,PW,AW,TV,ABS,airbags,HID,AAC,NAVI,AC,Back Camera,Parking Sensors,RADIO,Keyless","925,000",,,,,,
16 July 2026,29737,VN5,VN5-056143,SUBARU,Levorg,GT-H EX,2023,9/2023,1800,5,4,B,B,AT,WAGON,BLACK,5,21000,AC,GASOLINE,"PS,PW,AW,TV,ABS,airbags,HID,AAC,NAVI,AC,Back Camera,Push Start, Parking Sensors,FOG Light,RADIO,Keyless","2,200,000",,,,,,
16 July 2026,29761,MH55S,MH55S-136179,SUZUKI,Wagon R,FX,2017,6/2017,660,4,4,C,C,AT,WAGON,BLACK,5,34000,AC,HYBRID,"PS,PW,AW,TV,ABS,airbags,HID,AAC,NAVI,AC,Back Camera,Push Start, Parking Sensors,RADIO,Keyless","698,000",,,,,,
16 July 2026,29819,MH34S,MH34S-205534,SUZUKI,Wagon R,FX,2013,6/2013,660,4,3.5,D,C,AT,WAGON,BLACK,5,81000,AC,GASOLINE,"PS,PW,AW,TV,ABS,airbags,HID,AAC,NAVI,AC,Back Camera,Push Start, Parking Sensors,RADIO,Keyless","320,000",,,,,,
16 July 2026,30498,MH55S,MH55S-170189,SUZUKI,Wagon R,FX,2017,10/2017,660,4,4,B,B,AT,WAGON,BLACK,5,33000,AC,HYBRID,"PS,PW,AW,TV,ABS,airbags,HID,AAC,NAVI,AC,Back Camera, Parking Sensors,RADIO,Keyless","890,000",,,,,,
16 July 2026,30905,VN5,VN5-003084,SUBARU,Levorg,GT-H EX,2020,12/2020,1800,5,4,C,B,AT,WAGON,GRAY,5,17000,AC,GASOLINE,"PS,PW,AW,TV,ABS,airbags,HID,AAC,NAVI,AC,Back Camera,Push Start, Parking Sensors,FOG Light,RADIO,Keyless","2,310,000",,,,,,
16 July 2026,31259,GT7,GT7-047144,SUBARU,XV,２．０i-S EyeSight,2017,7/2017,2000,5,4,C,C,AT,SUV,BLACK,5,56000,AC,GASOLINE,"PS,PW,AW,TV,ABS,airbags,HID,AAC,NAVI,AC,Back Camera,Push Start, Parking Sensors,FOG Light,RADIO,Keyless","1,290,000",,,,,,
16 July 2026,31990,GTE,GTE-002202,SUBARU,XV,advance,2018,9/2018,2000,5,4,C,C,AT,SUV,BLUE,5,48000,AC,HYBRID,"PS,PW,AW,TV,ABS,airbags,HID,AAC,NAVI,AC,Back Camera,Push Start, Parking Sensors,FOG Light,RADIO,Keyless","1,380,000",,,,,,
16 July 2026,32305,MH34S,MH34S-752677,SUZUKI,Wagon R,X,2013,10/2013,660,4,4,C,B,AT,WAGON,WHITE,5,84000,AC,GASOLINE,"PS,PW,AW,TV,ABS,airbags,HID,AAC,NAVI,AC,Back Camera,Push Start, Parking Sensors,FOG Light,RADIO,Keyless","450,000",,,,,,
16 July 2026,32496,MH34S,MH34S-947538,SUZUKI,Wagon R,T,2014,6/2014,660,4,4,B,C,AT,WAGON,WHITE,5,64000,AC,GASOLINE,"PS,PW,AW,TV,ABS,airbags,HID,AAC,NAVI,AC,Back Camera,Push Start, Parking Sensors,FOG Light,RADIO,Keyless","650,000",,,,,,
16 July 2026,32546,MH34S,MH34S-282593,SUZUKI,Wagon R,FX,2014,1/2014,660,4,4,C,C,AT,WAGON,BLACK,5,53000,AC,GASOLINE,"PS,PW,AW,TV,ABS,airbags,HID,AAC,NAVI,AC,Back Camera, Parking Sensors,RADIO,Keyless","420,000",,,,,,
16 July 2026,33925,MH34S,MH34S-905444,SUZUKI,Wagon R,T,2012,11/2012,660,4,4.5,B,B,AT,WAGON,RED,5,28000,AC,GASOLINE,"PS,PW,AW,TV,ABS,airbags,HID,AAC,NAVI,AC,Back Camera,Push Start, Parking Sensors,FOG Light,RADIO,Keyless","700,000",,,,,,
16 July 2026,34796,GP7,GP7-121862,SUZUKI,XV,２．０i-L EyeSight,2016,7/2016,2000,5,3.5,C,B,AT,SUV,BLACK,5,55000,AC,GASOLINE,"PS,PW,AW,TV,ABS,airbags,HID,AAC,NAVI,AC,Back Camera,Push Start, Parking Sensors,FOG Light,RADIO,Keyless","650,000",,,,,,
16 July 2026,35990,VN5,VN5-022864,SUBARU,Levorg,GT-H EX,2021,4/2021,1800,5,4,C,B,AT,WAGON,BLACK,5,44000,AC,GASOLINE,"PS,PW,AW,TV,ABS,airbags,HID,AAC,NAVI,AC,Back Camera,Push Start, Parking Sensors,FOG Light,RADIO,Keyless","1,990,000",,,,,,
16 July 2026,36473,GP7,GP7-032650,SUBARU,XV,5,2013,3/2013,2000,5,4,C,B,D,SUV,BLACK,5,78000,AC,GASOLINE,"PS,PW,AW,TV,ABS,airbags,HID,AAC,NAVI,AC,Back Camera,Push Start, Parking Sensors,FOG Light,RADIO,Keyless","599,000",,,,,,
16 July 2026,37341,GT6,GT6-006039,SUBARU,Impreza Wagon,i-L EyeSight,2017,3/2017,2000,5,4,,,AT,WAGON,SILVER,5,61000,AC,GASOLINE,"PS,PW,AW,TV,ABS,airbags,HID,AAC,NAVI,AC,Back Camera,Push Start, Parking Sensors,FOG Light,RADIO,Keyless","719,000",,,,,,
16 July 2026,37747,MH95S,MH95S-189632,SUZUKI,Wagon R,FZ,2022,3/2022,660,4,4,C,B,AT,WAGON,RED,5,49000,AC,HYBRID,"PS,PW,AW,TV,ABS,airbags,HID,AAC,NAVI,AC,Back Camera,Parking Sensors,FOG Light,RADIO,Keyless","940,000",,,,,,
16 July 2026,38320,GT2,GT2-060149,SUBARU,Impreza Wagon,１．６i-S EyeSight,2020,10/2020,1600,5,4.5,B,B,AT,WAGON,GRAY,5,23000,AC,GASOLINE,"PS,PW,AW,TV,ABS,airbags,HID,AAC,NAVI,AC,Back Camera,Push Start, Parking Sensors,FOG Light,RADIO,Keyless","1,520,000",,,,,,
16 July 2026,29174,GJEFW,GJEFW-102020,MAZDA,Atenza Wagon,２０Ｓ,2014,1/2014,2000,5,4.5,A,B,AT,WAGON,GRAY,5,17000,AC,GASOLINE,"PS,PW,AW,TV,ABS,airbags,HID,AAC,NAVI,AC,Back Camera,Push Start, Parking Sensors,FOG Light,RADIO,Keyless","1,070,000",,,,,,
16 July 2026,31065,BMLFS,BMLFS-105711,MAZDA,Axela,１５XD L Package,2017,1/2017,1500,5,4,C,C,AT,HATCHBACK,RED,5,87000,AC,Diesel,"PS,PW,AW,TV,ABS,airbags,HID,AAC,NAVI,AC,Back Camera,Push Start, Parking Sensors,FOG Light,RADIO,Keyless","860,000",,,,,,
16 July 2026,34809,BM2AS,BM2AS-101010,MAZDA,Axela,２２XD,2017,9/2017,2200,5,4,C,D,AT,SEDAN,GRAY,5,56000,AC,Diesel,"PS,PW,AW,TV,ABS,airbags,HID,AAC,NAVI,AC,Back Camera,Push Start, Parking Sensors,FOG Light,RADIO,Keyless","1,115,000",,,,,,
16 July 2026,53460,BYEFP,BYEFP-103332,MAZDA,Axela,2.0 Hybrid S,2013,12/2013,2000,5,4.5,,,AT,HATCHBACK,LIGHT BLUE,5,45000,AC,HYBRID,"PS,PW,AW,TV,ABS,airbags,HID,AAC,NAVI,AC,Back Camera,Push Start, Parking Sensors,FOG Light,RADIO,Keyless","819,000",,,,,,
16 July 2026,54288,GJ5FW,GJ5FW-100296,MAZDA,Atenza Wagon,2.5 25S L Package,2013,2/2013,2500,5,4.5,,,AT,WAGON,WHITE,5,45000,AC,GASOLINE,"PS,PW,AW,TV,ABS,airbags,HID,AAC,NAVI,AC,Back Camera,Push Start, Parking Sensors,FOG Light,RADIO,Keyless","1,039,000",,,,,,
11 July 2026,9592,NHP10,NHP10-6398003,TOYOTA,AQUA,S,2015,3/3015,1500,5,4,C,B,AT,HATCHBACK,BLUE,5,42000,AC,HYBRID,"PS,PW,AW,TV,ABS,airbags,HID,AAC,NAVI,AC,Back Camera,Push Start, Parking Sensors,FOG Light,RADIO,Keyless","760,000",,,,,,
11 July 2026,9832,NHP10,NHP10-2480655,TOYOTA,AQUA,Ｇ－Ｇ’ｓ,2015,10/2015,1500,5,4.5,B,C,AT,HATCHBACK,BLACK,5,62000,AC,GASOLINE,"PS,PW,AW,TV,ABS,airbags,HID,AAC,NAVI,AC,Back Camera,Push Start, Parking Sensors,FOG Light,RADIO,Keyless","940,000",,,,,,
11 July 2026,9981,MXPK11,MXPK11-2142813,TOYOTA,AQUA,Z,2023,7/2023,1500,5,4.5,B,A,AT,HATCHBACK,WHITE,5,26000,AC,HYBRID,"PS,PW,AW,TV,ABS,airbags,HID,AAC,NAVI,AC,Back Camera,Push Start, Parking Sensors,FOG Light,RADIO,Keyless","1,650,000",,,,,,
11 July 2026,10094,MXPK11,MXPK11-2019404,TOYOTA,AQUA,Z,2021,9/2021,1500,5,4,C,B,AT,HATCHBACK,BLACK,5,35000,AC,HYBRID,"PS,PW,AW,TV,ABS,airbags,HID,AAC,NAVI,AC,Back Camera,Push Start, Parking Sensors,FOG Light,RADIO,Keyless","1,620,000",,,,,,
11 July 2026,10348,MXPK16,MXPK16-2013885,TOYOTA,AQUA,Ｚ Ｅ－Ｆｏｕｒ,2022,10/2022,1500,5,4,B,B,AT,HATCHBACK,RED,5,52000,AC,HYBRID,"PS,PW,AW,TV,ABS,airbags,HID,AAC,NAVI,AC,Back Camera,Push Start, Parking Sensors,FOG Light,RADIO,Keyless","1,590,000",,,,,,
11 July 2026,10356,NHP10,NHP10-2692190,TOYOTA,AQUA,S,2020,9/2020,1500,5,4.5,B,C,AT,HATCHBACK,WHITE,5,39000,AC,HYBRID,"PS,PW,AW,TV,ABS,airbags,HID,AAC,NAVI,AC,Back Camera,Push Start, Parking Sensors,RADIO,Keyless","1,270,000",,,,,,
11 July 2026,10551,NHP10,NHP10-6137920,TOYOTA,AQUA,S,2013,2/2013,1500,5,3.5,D,C,AT,HATCHBACK,SILVER,5,52000,AC,HYBRID,"PS,PW,AW,TV,ABS,airbags,HID,AAC,NAVI,AC,Back Camera,Push Start, Parking Sensors,FOG Light,RADIO,Keyless","370,000",,,,,,
11 July 2026,10587,NHP10,NHP10-2711684,TOYOTA,AQUA,S,2021,3/2021,1500,5,5,A,B,AT,HATCHBACK,WHITE,5,31000,AC,HYBRID,"PS,PW,AW,TV,ABS,airbags,HID,AAC,NAVI,AC,Back Camera,Push Start, Parking Sensors,RADIO,Keyless","1,300,000",,,,,,
11 July 2026,11809,RZ4,RZ4-1112114,TOYOTA,ZR-V,Z,2025,2/2025,2000,5,5,A,A,AT,SUV,BLACK,5,9000,AC,HYBRID,"PS,PW,AW,TV,ABS,airbags,HID,AAC,NAVI,AC,Back Camera,Push Start, Parking Sensors,RADIO,Keyless","3,090,000",,,,,,
11 July 2026,11890,FK7,FK7-1003564,HONDA,Civic,base grade,2019,3/2018,1500,5,4,C,B,AT,HATCHBACK,WHITE,5,90000,AC,GASOLINE,"PS,PW,AW,TV,ABS,airbags,HID,AAC,NAVI,AC,Back Camera,Push Start, Parking Sensors,FOG Light,RADIO,Keyless","1,550,000",,,,,,
11 July 2026,12220,NHP10,NHP10-2109579,TOYOTA,AQUA,S,2012,9/2012,1500,5,4,C,B,AT,HATCHBACK,LIGHT BLUE,5,47000,AC,HYBRID,"PS,PW,AW,TV,ABS,airbags,HID,AAC,NAVI,AC,Back Camera,Push Start, Parking Sensors,FOG Light,RADIO,Keyless","600,000",,,,,,
11 July 2026,12960,RZ4,RZ4-1115409,HONDA,ZR-V,Z,2025,1/2025,2000,5,4.5,B,C,AT,SUV,WHITE,5,12000,AC,HYBRID,"PS,PW,AW,TV,ABS,airbags,HID,AAC,NAVI,AC,Back Camera,Push Start, Parking Sensors,FOG Light,RADIO,Keyless","3,000,000",,,,,,
11 July 2026,14003,RZ4,RZ4-1004609,HONDA,ZR-V,Z,2023,7/2023,2000,5,6,A,A,AT,SUV,WHITE,5,29000,AC,HYBRID,"PS,PW,AW,TV,ABS,airbags,HID,AAC,NAVI,AC,Back Camera,Push Start, Parking Sensors,RADIO,Keyless","2,690,000",,,,,,
11 July 2026,14460,NHP10,NHP10-6405518,TOYOTA,AQUA,S,2015,3/2015,1500,5,4,C,C,AT,HATCHBACK,SILVER,5,110000,AC,HYBRID,"PS,PW,AW,TV,ABS,airbags,HID,AAC,NAVI,AC,Back Camera,Push Start, Parking Sensors,FOG Light,RADIO,Keyless","250,000",,,,,,
11 July 2026,14559,MXPK11,MXPK11-2073672,TOYOTA,AQUA,X,2022,8/2022,1500,5,4.5,B,B,AT,HATCHBACK,WHITE,5,43000,AC,HYBRID,"PS,PW,AW,TV,ABS,airbags,HID,AAC,NAVI,AC,Back Camera,Push Start, Parking Sensors,RADIO,Keyless","1,300,000",,,,,,
11 July 2026,15905,MXPK11,MXPK11-2063478,TOYOTA,AQUA,G,2022,5/2022,1500,5,5,A,B,AT,HATCHBACK,BEIGE,5,26000,AC,HYBRID,"PS,PW,AW,TV,ABS,airbags,HID,AAC,NAVI,AC,Back Camera,Push Start, Parking Sensors,FOG Light,RADIO,Keyless","1,950,000",,,,,,
11 July 2026,16444,NHP10,NHP10-6842021,TOYOTA,AQUA,S,2019,7/2019,1500,5,3.5,C,C,AT,HATCHBACK,BLACK,5,75000,AC,HYBRID,"PS,PW,AW,TV,ABS,airbags,HID,AAC,NAVI,AC,Back Camera,Push Start, Parking Sensors,RADIO,Keyless","810,000",,,,,,
11 July 2026,16477,NHP10,NHP10-2655492,TOYOTA,AQUA,S,2019,12/2019,1500,5,4,C,C,AT,HATCHBACK,DARK BLUE,5,26000,AC,HYBRID,"PS,PW,AW,TV,ABS,airbags,HID,AAC,NAVI,AC,Back Camera,Push Start, Parking Sensors,RADIO,Keyless","1,130,000",,,,,,
11 July 2026,16544,RZ4,RZ4-1108494,HONDA,ZR-V,Z,2024,10/2024,2000,5,5,A,A,AT,SUV,WHITE,5,17000,AC,HYBRID,"PS,PW,AW,TV,ABS,airbags,HID,AAC,NAVI,AC,Back Camera,Push Start, Parking Sensors,RADIO,Keyless","2,750,000",,,,,,
11 July 2026,17126,NHP10,NHP10-6370398,TOYOTA,AQUA,S,2015,3/2015,1500,5,3.5,C,C,AT,HATCHBACK,GRAY,5,69000,AC,HYBRID,"PS,PW,AW,TV,ABS,airbags,HID,AAC,NAVI,AC,Back Camera,Push Start, Parking Sensors,FOG Light,RADIO,Keyless","450,000",,,,,,
11 July 2026,17174,MXPK11,MXPK11-2089716,TOYOTA,AQUA,Z,2022,11/2022,1500,5,4,C,B,AT,HATCHBACK,BLACK,5,28000,AC,HYBRID,"PS,PW,AW,TV,ABS,airbags,HID,AAC,NAVI,AC,Back Camera,Push Start, Parking Sensors,FOG Light,RADIO,Keyless","1,730,000",,,,,,
11 July 2026,17445,NHP10H,NHP10-6639451,TOYOTA,AQUA,CROSSOVER,2017,7/2017,1500,5,3.5,,,AT,HATCHBACK,BLACK,5,38000,AC,HYBRID,"PS,PW,AW,TV,ABS,airbags,HID,AAC,NAVI,AC,Back Camera,Push Start, Parking Sensors,FOG Light,RADIO,Keyless","999,000",,,,,,
11 July 2026,18265,CR6,CR6-1004666,HONDA,Accord,EX,2013,9/2013,2000,5,4,,,AT,SEDAN,SILVER,4,38000,AC,HYBRID,"PS,PW,AW,TV,ABS,airbags,HID,AAC,NAVI,AC,Back Camera,Push Start, Parking Sensors,FOG Light,RADIO,Keyless","999,000",,,,,,
11 July 2026,18857,RZ4,RZ4-1101897,HONDA,ZR-V,Z,2024,6/2024,2000,5,5,A,A,AT,SUV,BLACK,5,15000,AC,HYBRID,"PS,PW,AW,TV,ABS,airbags,HID,AAC,NAVI,AC,Back Camera,Push Start, Parking Sensors,RADIO,Keyless","2,940,000",,,,,,
11 July 2026,19176,NHP10,NHP10-2652105,TOYOTA,AQUA,S,2019,11/2019,1500,5,4.5,B,B,AT,HATCHBACK,WHITE,5,31000,AC,HYBRID,"PS,PW,AW,TV,ABS,airbags,HID,AAC,NAVI,AC,Back Camera,Push Start, Parking Sensors,RADIO,Keyless","1,120,000",,,,,,
11 July 2026,19437,MXPK11,MXPK11-2243762,TOYOTA,AQUA,GR Sport,2025,3/2025,1500,5,6,A,A,AT,HATCHBACK,WHITE,5,7000,AC,HYBRID,"PS,PW,AW,TV,ABS,airbags,HID,AAC,NAVI,AC,Back Camera,Push Start, Parking Sensors,RADIO,Keyless","2,452,000",,,,,,
11 July 2026,20087,RZ4,RZ4-1003300,HONDA,ZR-V,Z,2023,6/2023,2000,5,5,A,B,AT,SUV,WHITE,5,33000,AC,HYBRID,"PS,PW,AW,TV,ABS,airbags,HID,AAC,NAVI,AC,Back Camera,Push Start, Parking Sensors,FOG Light,RADIO,Keyless","2,760,000",,,,,,
11 July 2026,20438,NHP10,NHP10-6725871,TOYOTA,AQUA,S,2018,3/2018,1500,5,4.5,B,B,AT,HATCHBACK,WHITE,5,43000,AC,HYBRID,"PS,PW,AW,TV,ABS,airbags,HID,AAC,NAVI,AC,Back Camera,Push Start, Parking Sensors,RADIO,Keyless","1,069,000",,,,,,
11 July 2026,20868,NHP10,NHP10-2637892,TOYOTA,AQUA,S,2019,8/2019,1500,5,4,C,B,AT,HATCHBACK,RED,5,78000,AC,HYBRID,"PS,PW,AW,TV,ABS,airbags,HID,AAC,NAVI,AC,Back Camera,Push Start, Parking Sensors,FOG Light,RADIO,Keyless","900,000",,,,,,
11 July 2026,20947,NHP10,NHP10-6131831,TOYOTA,AQUA,S,2013,2/2013,1500,5,4,C,B,AT,HATCHBACK,WHITE,5,86000,AC,HYBRID,"PS,PW,AW,TV,ABS,airbags,HID,AAC,NAVI,AC,Back Camera,Push Start, Parking Sensors,FOG Light,RADIO,Keyless","430,000",,,,,,
11 July 2026,21233,NHP10,NHP10-6768804,TOYOTA,AQUA,S,2018,8/2018,1500,5,4,B,B,AT,HATCHBACK,WHITE,5,87000,AC,HYBRID,"PS,PW,AW,TV,ABS,airbags,HID,AAC,NAVI,AC,Back Camera,Push Start, Parking Sensors,RADIO,Keyless","800,000",,,,,,
11 July 2026,21387,RZ3,RZ3-1000260,HONDA,ZR-V,Z,2022,11/2022,1500,5,4.5,A,C,AT,SUV,WHITE,5,27000,AC,GASOLINE,"PS,PW,AW,TV,ABS,airbags,HID,AAC,NAVI,AC,Back Camera,Push Start, Parking Sensors,RADIO,Keyless","2,590,000",,,,,,
11 July 2026,21448,FK7,FK7-1011631,HONDA,Civic,base grade,2018,10/2018,1500,5,4,C,B,AT,HATCHBACK,WHITE,5,21000,AC,GASOLINE,"PS,PW,AW,TV,ABS,airbags,HID,AAC,NAVI,AC,Back Camera,Push Start, Parking Sensors,FOG Light,RADIO,Keyless","1,800,000",,,,,,
11 July 2026,21521,FL1,FL1-1001948,HONDA,Civic,LX,2021,9/2021,1500,5,4.5,B,B,AT,SEDAN,RED,5,26000,AC,GASOLINE,"PS,PW,AW,TV,ABS,airbags,HID,AAC,NAVI,AC,Back Camera,Push Start, Parking Sensors,FOG Light,RADIO,Keyless","2,010,000",,,,,,
11 July 2026,6416,RV5,RV5-1026218,HONDA,VEZEL,Z,2021,11/2021,1500,5,4.5,B,C,AT,SUV,WHITE,5,36000,AC,HYBRID,"PS,PW,AW,TV,ABS,airbags,HID,AAC,NAVI,AC,Back Camera,Push Start, Parking Sensors,FOG Light,RADIO,Keyless","2,360,000",,,,,,
11 July 2026,6578,RV5,RV5-1219433,HONDA,VEZEL,Z,2024,8/2024,1500,5,5,A,B,AT,SUV,WHITE,5,15000,AC,HYBRID,"PS,PW,AW,TV,ABS,airbags,HID,AAC,NAVI,AC,Back Camera,Push Start, Parking Sensors,FOG Light,RADIO,Keyless","2,770,000",,,,,,
11 July 2026,6691,RU1,RU1-1107773,HONDA,VEZEL,X,2015,9/2015,1500,5,3.5,D,C,AT,SUV,W RED,5,90000,AC,GASOLINE,"PS,PW,AW,TV,ABS,airbags,HID,AAC,NAVI,AC,Back Camera,Push Start, Parking Sensors,FOG Light,RADIO,Keyless","1,570,000",,,,,,
11 July 2026,7172,RV5,RV5-1024042,HONDA,VEZEL,Z,2021,10/2021,1500,5,4,C,C,AT,SUV,BLACK,5,32000,AC,HYBRID,"PS,PW,AW,TV,ABS,airbags,HID,AAC,NAVI,AC,Back Camera,Push Start, Parking Sensors,FOG Light,RADIO,Keyless","2,280,000",,,,,,
11 July 2026,7440,RU3,RU3-1266961,HONDA,VEZEL,Z,2017,10/2017,1500,5,4,C,B,AT,SUV,WHITE,5,42000,AC,HYBRID,"PS,PW,AW,TV,ABS,airbags,HID,AAC,NAVI,AC,Back Camera,Push Start, Parking Sensors,FOG Light,RADIO,Keyless","1,359,000",,,,,,
11 July 2026,7645,RV5,RV5-1092361,HONDA,VEZEL,Z,2023,9/2023,1500,5,4.5,B,C,AT,SUV,WHITE,5,33000,AC,HYBRID,"PS,PW,AW,TV,ABS,airbags,HID,AAC,NAVI,AC,Back Camera,Push Start, Parking Sensors,FOG Light,RADIO,Keyless","2,400,000",,,,,,
11 July 2026,7778,RV5,RV5-1040943,HONDA,VEZEL,Z,2022,3/2022,1500,5,4.5,B,C,AT,SUV,WHITE,5,66000,AC,HYBRID,"PS,PW,AW,TV,ABS,airbags,HID,AAC,NAVI,AC,Back Camera,Push Start, Parking Sensors,FOG Light,RADIO,Keyless","2,220,000",,,,,,
11 July 2026,8119,RV5,RV5-1103281,HONDA,VEZEL,Z,2023,11/2023,1500,5,5,A,B,AT,SUV,WHITE,5,34000,AC,HYBRID,"PS,PW,AW,TV,ABS,airbags,HID,AAC,NAVI,AC,Back Camera,Push Start, Parking Sensors,FOG Light,RADIO,Keyless","2,470,000",,,,,,
11 July 2026,8658,RV5,RV5-1004099,HONDA,VEZEL,Z,2021,5/2021,1500,5,4,C,B,AT,SUV,BLACK,5,36000,AC,HYBRID,"PS,PW,AW,TV,ABS,airbags,HID,AAC,NAVI,AC,Back Camera,Push Start, Parking Sensors,FOG Light,RADIO,Keyless","2,270,000",,,,,,
11 July 2026,8904,RV5,RV5-1004099,HONDA,VEZEL,Z,2023,2/2023,1500,5,4,C,B,AT,SUV,WHITE,5,38000,AC,HYBRID,"PS,PW,AW,TV,ABS,airbags,HID,AAC,NAVI,AC,Back Camera,Push Start, Parking Sensors,FOG Light,RADIO,Keyless","2,380,000",,,,,,
11 July 2026,9522,RU3,RU3-1200217,HONDA,VEZEL,Z,2016,3/2016,1500,5,3.5,D,C,AT,SUV,BLACK,5,113000,AC,HYBRID,"PS,PW,AW,TV,ABS,airbags,HID,AAC,NAVI,AC,Back Camera,Push Start, Parking Sensors,FOG Light,RADIO,Keyless","1,150,000",,,,,,
11 July 2026,9782,RV5,RV5-1084094,HONDA,VEZEL,Z,2023,6/2023,1500,5,4.5,B,B,AT,SUV,WHITE,5,28000,AC,HYBRID,"PS,PW,AW,TV,ABS,airbags,HID,AAC,NAVI,AC,Back Camera,Push Start, Parking Sensors,FOG Light,RADIO,Keyless","2,380,000",,,,,,
11 July 2026,10233,RV5,RV5-1008228,HONDA,VEZEL,Z,2021,6/2021,1500,5,4.5,B,B,AT,SUV,WHITE,5,26000,AC,HYBRID,"PS,PW,AW,TV,ABS,airbags,HID,AAC,NAVI,AC,Back Camera,Push Start, Parking Sensors,FOG Light,RADIO,Keyless","2,300,000",,,,,,
11 July 2026,10584,RV5,RV5-1007591,HONDA,VEZEL,ｅ：ＨＥＶ Ｚ,2021,7/2021,1500,5,4,C,C,AT,SUV,BLACK,5,33000,AC,HYBRID,"PS,PW,AW,TV,ABS,airbags,HID,AAC,NAVI,AC,Back Camera,Push Start, Parking Sensors,FOG Light,RADIO,Keyless","2,300,000",,,,,,
13 June 2026,17042,USF41,USF41-5049505,LEXUS,LS,Executive Package,2013,4/2013,4600,5,4,C,C,AT,SEDAN,BLACK,4,86000,AC,GASOLINE,"PS,PW,AW,TV,ABS,airbags,HID,AAC,NAVI,AC,Back Camera,Push Start, Parking Sensors,FOG Light,RADIO,Keyless","3,000,000",,,,,,AVAILABLE
13 June 2026,17293,AYZ10,AYZ10-1006763,LEXUS,NX,F-Sport,2015,10/2015,2500,5,4,,,AT,SUV,WHITE,5,114000,AC,HYBRID,"PS,PW,AW,TV,ABS,SR,airbags,HID,AAC,NAVI,AC,Back Camera,Push Start, Parking Sensors,FOG Light,RADIO,Keyless","1,900,000",,,,,,AVAILABLE
13 June 2026,17949,VXFA55,VXFA55-6001052,LEXUS,LS,F-Sport,2019,3/2019,3500,5,5,A,B,AT,SEDAN,WHITE,4,35000,AC,GASOLINE,"PS,PW,AW,TV,ABS,SR,airbags,HID,AAC,NAVI,AC,Back Camera,Push Start, Parking Sensors,RADIO,Keyless","4,850,000",,,,,,AVAILABLE
13 June 2026,18002,AAZH20,AAZH20-6006846,LEXUS,NX,F-Sport,2023,6/2023,2500,5,5,A,B,AT,SUV,WHITE,5,32000,AC,HYBRID,"PS,PW,AW,TV,ABS,SR,airbags,HID,AAC,NAVI,AC,Back Camera,Push Start, Parking Sensors,FOG Light,RADIO,Keyless","5,180,000",,,,,,AVAILABLE
13 June 2026,18629,UVF45,UVF45-5013467,LEXUS,LS,F-Sport,2012,11/2012,5000,5,4.5,B,C,AT,SEDAN,WHITE,5,78000,AC,HYBRID,"PS,PW,AW,TV,ABS,SR,airbags,HID,AAC,NAVI,AC,Back Camera,Push Start, Parking Sensors,FOG Light,RADIO,Keyless","1,980,000",,,,,,AVAILABLE
13 June 2026,18631,AAZH20,AAZH20-1011687,LEXUS,NX,F-Sport,2023,7/2023,2500,5,4,C,B,AT,SUV,WHITE,5,14000,AC,HYBRID,"PS,PW,AW,TV,ABS,SR,airbags,HID,AAC,NAVI,AC,Back Camera,Push Start, Parking Sensors,FOG Light,RADIO,Keyless","5,020,000",,,,,,AVAILABLE
13 June 2026,19020,AGZ10,AGZ10-6000568,LEXUS,NX,I Package,2019,9/2019,2000,5,4.5,B,B,AT,SUV,WHITE,5,48000,AC,GASOLINE,"PS,PW,AW,TV,ABS,airbags,HID,AAC,NAVI,AC,Back Camera,Push Start, Parking Sensors,FOG Light,RADIO,Keyless","2,680,000",,,,,,AVAILABLE
13 June 2026,19161,AGZ10,AGZ10-6000025,LEXUS,NX,I Package,2019,7/2019,2000,5,4.5,B,B,AT,SUV,WHITE,5,73000,AC,GASOLINE,"PS,PW,AW,TV,ABS,airbags,HID,AAC,NAVI,AC,Back Camera,Push Start, Parking Sensors,FOG Light,RADIO,Keyless","2,530,000",,,,,,AVAILABLE
13 June 2026,19162,AGZ10,AGZ10-1004328,LEXUS,NX,Version L,2015,2/2015,2000,5,4,C,C,AT,SUV,WHITE,5,69000,AC,GASOLINE,"PS,PW,AW,TV,ABS,SR,airbags,HID,AAC,NAVI,AC,Back Camera,Push Start, Parking Sensors,FOG Light,RADIO,Keyless","2,060,000",,,,,,AVAILABLE
13 June 2026,19853,AYZ15,AYZ15-1011069,LEXUS,NX,F-Sport,2018,5/2018,2500,5,4,B,B,AT,SUV,BLACK,5,45000,AC,HYBRID,"PS,PW,AW,TV,ABS,SR,airbags,HID,AAC,NAVI,AC,Back Camera,Push Start, Parking Sensors,FOG Light,RADIO,Keyless","3,790,000",,,,,,AVAILABLE
13 June 2026,20196,UVF46,UVF46-5017744,LEXUS,LS,Executive Package,2014,6/2014,"5,000",4,4,,,AT,SEDAN,WHITE,4,95000,AC,HYBRID,"PS,PW,AW,TV,ABS,SR,airbags,HID,AAC,NAVI,AC,Back Camera,Push Start, Parking Sensors,FOG Light,RADIO,Keyless","3,590,000",,,,,,AVAILABLE
13 June 2026,24202,AAZH25,AAZH25-6005748,LEXUS,NX,Version L,2023,8/2023,"2,500",5,4.5,B,B,AT,SUV,BLACK,5,26000,AC,HYBRID,"PS,PW,AW,TV,ABS,airbags,HID,AAC,NAVI,AC,Back Camera,Push Start, Parking Sensors,FOG Light,RADIO,Keyless","4,300,000",,,,,,AVAILABLE
13 June 2026,24273,AYZ10,AYZ10-1015112,LEXUS,NX,F-Sport,2027,3/2017,2500,5,4.5,,,AT,SUV,WHITE,5,89000,AC,HYBRID,"PS,PW,AW,TV,ABS,SR,airbags,HID,AAC,NAVI,AC,Back Camera,Push Start, Parking Sensors,FOG Light,RADIO,Keyless","2,320,000",,,,,,AVAILABLE
13 June 2026,25622,AGZ15,AGZ15-1004464,LEXUS,NX,F-Sport,2015,9/2015,2000,5,4,C,C,AT,SUV,BLACK,5,86000,AC,GASOLINE,"PS,PW,AW,TV,ABS,airbags,HID,AAC,NAVI,AC,Back Camera,Push Start, Parking Sensors,FOG Light,RADIO,Keyless","1,600,000",,,,,,AVAILABLE
13 June 2026,26004,USF40,USF40-5120017,LEXUS,LS,Version C,2013,3/2013,4600,5,4,C,C,AT,SEDAN,BLACK,5,108000,AC,GASOLINE,"PS,PW,AW,TV,ABS,SR,airbags,HID,AAC,NAVI,AC,Back Camera,Push Start, Parking Sensors,FOG Light,RADIO,Keyless","1,200,000",,,,,,AVAILABLE
13 June 2026,26552,AGZ10,AGZ10-1027402,LEXUS,NX,３００ I Package,2020,12/2020,2000,5,5,5,,AT,SUV,WHITE,5,12000,AC,GASOLINE,"PS,PW,AW,TV,ABS,SR,airbags,HID,AAC,NAVI,AC,Back Camera,Push Start, Parking Sensors,FOG Light,RADIO,Keyless","3,140,000",,,,,,AVAILABLE
13 June 2026,26840,AGZ15,AGZ15-1002997,LEXUS,NX,Version L,2015,5/2015,2000,5,4.5,B,B,AT,SUV,WHITE,5,44000,AC,GASOLINE,"PS,PW,AW,TV,ABS,SR,airbags,HID,AAC,NAVI,AC,Back Camera,Push Start, Parking Sensors,FOG Light,RADIO,Keyless","1,980,000",,,,,,AVAILABLE
13 June 2026,28952,AAZH20,AAZH20-6001945,LEXUS,NX,F-Sport,2022,11/2022,2500,5,4.5,B,B,AT,SUV,WHITE,5,49000,AC,HYBRID,"PS,PW,AW,TV,ABS,SR,airbags,HID,AAC,NAVI,AC,Back Camera,Push Start, Parking Sensors,RADIO,Keyless","4,787,000",,,,,,AVAILABLE
13 June 2026,30920,GVF50,GVF50-6009153,LEXUS,LS,I Package,2023,11/2023,3500,5,4.5,B,B,AT,SEDAN,WHITE,4,85000,AC,HYBRID,"PS,PW,AW,TV,ABS,SR,airbags,HID,AAC,NAVI,AC,Back Camera,Push Start, Parking Sensors,RADIO,Keyless","4,750,000",,,,,,AVAILABLE
13 June 2026,32038,AAZH26,AAZH26-1001703,LEXUS,NX,F-Sport,2022,1/2022,2500,5,5,A,A,AT,SUV,BLACK,5,28000,AC,HYBRID,"PS,PW,AW,TV,ABS,airbags,HID,AAC,NAVI,AC,Back Camera,Push Start, Parking Sensors,FOG Light,RADIO,Keyless","5,130,000",,,,,,AVAILABLE
13 June 2026,32734,AGZ10,AGZ10-1023469,LEXUS,NX,I Package,2019,7/2019,2000,5,4.5,B,B,AT,SUV,BLACK,5,24000,AC,GASOLINE,"PS,PW,AW,TV,ABS,airbags,HID,AAC,NAVI,AC,Back Camera,Push Start, Parking Sensors,FOG Light,RADIO,Keyless","2,870,000",,,,,,AVAILABLE
28 July 2026,15224,GN0W,GN0W-0105640,MITSUBISHI,Outlander PHEV,P,2022,4/2022,2400,5,4,C,B,AT,SUV,BLACK,5,36000,AC,HYBRID,"PS,PW,AW,TV,ABS,airbags,HID,AAC,NAVI,AC,Back Camera,Push Start, Parking Sensors,FOG Light,RADIO,Keyless","2,900,000",,,,,,
28 July 2026,15397,GN0W,GN0W-0101159,MITSUBISHI,Outlander PHEV,P,2021,4/2021,2400,5,4.5,B,B,AT,SUV,WHITE,5,49000,AC,HYBRID,"PS,PW,AW,TV,ABS,airbags,HID,AAC,NAVI,AC,Back Camera,Push Start, Parking Sensors,FOG Light,RADIO,Keyless","2,900,000",,,,,,
28 July 2026,15924,GG2W,GG2W-0306550,MITSUBISHI,Outlander PHEV,G,2015,10/2015,2000,5,4,B,B,AT,SUV,WHITE,5,72000,AC,HYBRID,"PS,PW,AW,TV,ABS,airbags,HID,AAC,NAVI,AC,Back Camera,Push Start, Parking Sensors,FOG Light,RADIO,Keyless","1,030,000",,,,,,
28 July 2026,16267,GN0W,GN0W-0314428,MITSUBISHI,Outlander PHEV,P,2023,12/2023,2400,5,4.5,B,B,AT,SUV,WHITE,5,28000,AC,HYBRID,"PS,PW,AW,TV,ABS,airbags,HID,AAC,NAVI,AC,Back Camera,Push Start, Parking Sensors,FOG Light,RADIO,Keyless","3,600,000",,,,,,
28 July 2026,16635,GN0W,GN0W-0103771,MITSUBISHI,Outlander PHEV,P,2022,2/2022,2400,5,4.5,B,B,AT,SUV,BLACK,5,45000,AC,HYBRID,"PS,PW,AW,TV,ABS,SR,airbags,HID,AAC,NAVI,AC,Back Camera,Push Start, Parking Sensors,FOG Light,RADIO,Keyless","3,350,000",,,,,,
28 July 2026,39324,TRN215,TRN215-0021239,TOYOTA,Hilux Surf,2.7 SSR-G 4WD,2008,1/2008,2700,5,4,,C,AT,SUV,WHITE,5,60000,AC,GASOLINE,"PS,PW,AW,TV,ABS,airbags,HID,AAC,NAVI,AC,Back Camera,Parking Sensors,FOG Light,RADIO,Keyless","2,300,000",,,,,,
28 July 2026,39327,GUN125,GUN125-3921924,TOYOTA,Hilux,Z,2021,2/2021,2400,5,4.5,,B,AT,PICKUP TRUCK,BLACK,5,51000,AC,Diesel,"PS,PW,AW,TV,ABS,airbags,HID,AAC,NAVI,AC,Back Camera,Push Start, Parking Sensors,FOG Light,RADIO,Keyless","3,850,000",,,,,,
28 July 2026,53427,GUN125,GUN125-3930186,TOYOTA,Hilux,Z,2021,1/2021,2400,5,4.5,,B,AT,PICKUP TRUCK,BLACK,5,51000,AC,Diesel,"PS,PW,AW,TV,ABS,airbags,HID,AAC,NAVI,AC,Back Camera,Push Start, Parking Sensors,FOG Light,RADIO,Keyless","3,919,000",,,,,,
28 July 2026,92526,GUN125,GUN125-3925080,TOYOTA,Hilux,Z,2021,1/2021,2400,5,4,,B,AT,PICKUP TRUCK,GRAY,5,16000,AC,Diesel,"PS,PW,AW,TV,ABS,airbags,HID,AAC,NAVI,AC,Back Camera,Push Start, Parking Sensors,FOG Light,RADIO,Keyless","4,140,000",,,,,,
28 July 2026,94006,GUN125,GUN125-3930988,TOYOTA,Hilux,Z,2022,1/2022,2400,5,4,,B,AT,PICKUP TRUCK,GRAY,5,14000,AC,Diesel,"PS,PW,AW,TV,ABS,airbags,HID,AAC,NAVI,AC,Back Camera,Push Start, Parking Sensors,FOG Light,RADIO,Keyless","4,100,000",,,,,,
28 July 2026,7398,GRN215W,GRN215-8054533,TOYOTA,Hilux Surf,ＳＳＲ－Ｇ,2005,1/2005,4000,5,3.5,D,C,AT,SUV,SILVER,5,115000,AC,GASOLINE,"PS,PW,AW,TV,ABS,RS,airbags,HID,AAC,NAVI,AC,Back Camera,Push Start, Parking Sensors,RADIO,Keyless","1,490,000",,,,,,
28 July 2026,8891,GUN125,GUN125-3949214,TOYOTA,Hilux,Z GR SPORT,2023,9/2023,2400,5,4.5,,,AT,PICKUP TRUCK,WHITE,4,37000,AC,Diesel,"PS,PW,AW,TV,ABS,airbags,HID,AAC,NAVI,AC,Back Camera,Push Start, Parking Sensors,FOG Light,RADIO,Keyless","4,378,000",,,,,,
28 July 2026,13093,GUN125,GUN125-3924111,TOYOTA,Hilux,Z,2021,4/2021,2400,5,4.5,B,B,AT,PICKUP TRUCK,BLACK,4,34000,AC,Diesel,"PS,PW,AW,TV,ABS,airbags,HID,AAC,NAVI,AC,Back Camera,Push Start, Parking Sensors,FOG Light,RADIO,Keyless","4,300,000",,,,,,
28 July 2026,14572,GUN125,GUN125-3931936,TOYOTA,Hilux,Z GR Sport,2022,1/2022,2400,5,5,A,B,AT,PICKUP TRUCK,WHITE,4,16000,AC,Diesel,"PS,PW,AW,TV,ABS,airbags,HID,AAC,NAVI,AC,Back Camera,Push Start, Parking Sensors,FOG Light,RADIO,Keyless","4,550,000",,,,,,
28 July 2026,19702,TRN215W,TRN215-0021828,TOYOTA,Hilux Surf,SSR-X Ltd,2008,1/2008,2700,5,4,B,B,AT,SUV,BLUE,5,137000,AC,GASOLINE,"PS,PW,AW,TV,ABS,SR,airbags,HID,AAC,NAVI,AC,Back Camera,Push Start, Parking Sensors,FOG Light,RADIO,Keyless","2,250,000",,,,,,
28 July 2026,21938,GUN125,GUN125-3944280,TOYOTA,Hilux,Z,2023,3/2023,2400,5,4,C,C,AT,PICKUP TRUCK,BLACK,4,35000,AC,Diesel,"PS,PW,AW,TV,ABS,airbags,HID,AAC,NAVI,AC,Back Camera,Push Start, Parking Sensors,FOG Light,RADIO,Keyless","3,900,000",,,,,,
28 July 2026,29735,GUN125,GUN125-3925102,TOYOTA,Hilux,Z,2021,4/2021,2400,5,4.5,B,B,AT,PICKUP TRUCK,BLACK,4,12000,AC,Diesel,"PS,PW,AW,TV,ABS,airbags,HID,AAC,NAVI,AC,Back Camera,Push Start, Parking Sensors,FOG Light,RADIO,Keyless","4,000,000",,,,,,
28 July 2026,13232,TRH224W,TRH224-0018330,TOYOTA,Hiace Wagon,Wagon Grand Cabin,2017,12/2017,2700,10,,,,AT,VAN,WHITE,4,24000,AC,GASOLINE,"PS,PW,AW,TV,ABS,airbags,HID,AAC,NAVI,AC,Back Camera,Push Start, Parking Sensors,FOG Light,RADIO,Keyless","3,480,000",,,,,,
28 July 2026,14372,TRH219W,TRH219-0051,TOYOTA,Hiace Wagon,GL,2025,10/2025,2700,10,S,,,AT,VAN,WHITE,4,0,AC,GASOLINE,"PS,PW,AW,TV,ABS,airbags,HID,AAC,NAVI,AC,Back Camera,Push Start, Parking Sensors,FOG Light,RADIO,Keyless","5,088,000",,,,,,
28 July 2026,16768,TRH214W,TRH214-0080488,TOYOTA,Hiace Wagon,GL,2025,4/2025,2700,10,5,,,AT,VAN,BLACK,5,4000,AC,GASOLINE,"PS,PW,AW,TV,ABS,airbags,HID,AAC,NAVI,AC,Back Camera,Push Start, Parking Sensors,FOG Light,RADIO,Keyless","3,955,000",,,,,,
28 July 2026,20281,TRH219W,TRH219-0038953,TOYOTA,Hiace Wagon,GL,2021,8/2021,2700,10,4,B,C,AT,VAN,BLACK,5,46000,AC,GASOLINE,"PS,PW,AW,TV,ABS,airbags,HID,AAC,NAVI,AC,Back Camera,Push Start, Parking Sensors,FOG Light,RADIO,Keyless","3,510,000",,,,,,
28 July 2026,22225,TRH219W,TRH219-0021367,TOYOTA,Hiace Wagon,GL,2015,3/2015,2700,10,4.5,,,AT,VAN,WHITE,5,9000,AC,GASOLINE,"PS,PW,AW,TV,ABS,airbags,HID,AAC,NAVI,AC,Back Camera,Push Start, Parking Sensors,FOG Light,RADIO,Keyless","3,100,000",,,,,,
28 July 2026,30894,TRH214W,TRH214-0034940,TOYOTA,Hiace Wagon,GL,2014,1/2014,2700,10,3.5,C,B,AT,VAN,BLACK,5,170000,AC,GASOLINE,"PS,PW,AW,TV,ABS,airbags,HID,AAC,NAVI,AC,Back Camera,Push Start, Parking Sensors,FOG Light,RADIO,Keyless","1,400,000",,,,,,
28 July 2026,30961,TRH219W,TRH219-0032112,TOYOTA,Hiace Wagon,GL,2019,6/2019,2700,10,4,C,C,AT,VAN,WHITE,4,45000,AC,GASOLINE,"PS,PW,AW,TV,ABS,airbags,HID,AAC,NAVI,AC,Back Camera,Push Start, Parking Sensors,FOG Light,RADIO,Keyless","4,140,000",,,,,,
28 July 2026,31132,TRH219W,TRH219-0029324,TOYOTA,Hiace Wagon,GL,2018,6/2018,2700,10,4,,,AT,VAN,BLACK,4,41000,AC,GASOLINE,"PS,PW,AW,TV,ABS,airbags,HID,AAC,NAVI,AC,Back Camera,Push Start, Parking Sensors,FOG Light,RADIO,Keyless","3,200,000",,,,,,
28 July 2026,40036,TRH214W,TRH214-0034731,TOYOTA,Hiace Wagon,GL,2013,1/2014,2700,10,3.5,,,AT,VAN,BLACK,5,156000,AC,GASOLINE,"PS,PW,AW,TV,ABS,airbags,HID,AAC,NAVI,AC,Back Camera,Push Start, Parking Sensors,FOG Light,RADIO,Keyless","1,548,000",,,,,,
28 July 2026,45591,TRH219W,TRH219-0045863,TOYOTA,Hiace Wagon,GL,2023,1/2023,2700,10,4.5,B,B,AT,VAN,BLACK,5,32000,AC,GASOLINE,"PS,PW,AW,TV,ABS,airbags,HID,AAC,NAVI,AC,Back Camera,Push Start, Parking Sensors,FOG Light,RADIO,Keyless","4,400,000",,,,,,
28 July 2026,46070,TRH214W,TRH214-0066556,TOYOTA,Hiace Wagon,GL,2021,8/2021,2700,10,4.5,B,B,AT,VAN,WHITE,4,50000,AC,GASOLINE,"PS,PW,AW,TV,ABS,airbags,HID,AAC,NAVI,AC,Back Camera,Push Start, Parking Sensors,FOG Light,RADIO,Keyless","3,300,000",,,,,,
28 July 2026,46402,TRH219W,TRH219-0045533,TOYOTA,Hiace Wagon,GL,2023,7/2023,2700,10,4.5,B,B,AT,VAN,BLACK,4,13000,AC,GASOLINE,"PS,PW,AW,TV,ABS,airbags,HID,AAC,NAVI,AC,Back Camera,Push Start, Parking Sensors,FOG Light,RADIO,Keyless","3,700,000",,,,,,
28 July 2026,48101,TRH224W,TRH224-0027143,TOYOTA,Hiace Wagon,Grand Cabin,2025,6/2025,2700,10,5,A,B,AT,VAN,WHITE,4,4000,AC,GASOLINE,"PS,PW,AW,TV,ABS,airbags,HID,AAC,NAVI,AC,Back Camera,Push Start, Parking Sensors,FOG Light,RADIO,Keyless","4,200,000",,,,,,
28 July 2026,50714,TRH214W,TRH214-0066826,TOYOTA,Hiace Wagon,GL,2021,9/2021,2700,10,4.5,B,B,AT,VAN,BLACK,4,40000,AC,GASOLINE,"PS,PW,AW,TV,ABS,airbags,HID,AAC,NAVI,AC,Back Camera,Push Start, Parking Sensors,FOG Light,RADIO,Keyless","3,600,000",,,,,,
28 July 2026,59719,TRH229W,TRH229-0017,TOYOTA,Hiace Wagon,Grand Cabin,2025,4/2025,2700,10,6,,,AT,VAN,WHITE,4,0,AC,GASOLINE,"PS,PW,AW,TV,ABS,airbags,HID,AAC,NAVI,AC,Back Camera,Push Start, Parking Sensors,RADIO,Keyless","4,688,000",,,,,,
28 July 2026,61500,TRH214W,TRH214-0042261,TOYOTA,Hiace Wagon,GL,2015,11/2015,2700,10,5,A,A,AT,VAN,WHITE,4,27000,AC,GASOLINE,"PS,PW,AW,TV,ABS,airbags,HID,AAC,NAVI,AC,Back Camera,Push Start, Parking Sensors,FOG Light,RADIO,Keyless","3,000,000",,,,,,
28 July 2026,68977,TRH219W,TRH219-0053,TOYOTA,Hiace Wagon,GL,2026,4/2026,2700,10,S,,,AT,VAN,WHITE,4,3000,AC,GASOLINE,"PS,PW,AW,TV,ABS,airbags,HID,AAC,NAVI,AC,Back Camera,Push Start, Parking Sensors,FOG Light,RADIO,Keyless","4,355,000",,,,,,
28 July 2026,74010,TRH214W,TRH214-0081336,TOYOTA,Hiace Wagon,GL,2025,6/2025,2700,10,5,A,B,AT,VAN,WHITE,4,10000,AC,GASOLINE,"PS,PW,AW,TV,ABS,airbags,HID,AAC,NAVI,AC,Back Camera,Push Start, Parking Sensors,FOG Light,RADIO,Keyless","3,400,000",,,,,,
28 July 2026,88690,TRH214W,TRH214-0081481,TOYOTA,Hiace Wagon,GL,2025,7/2025,2700,10,4,B,D,AT,VAN,BLACK,4,27000,AC,GASOLINE,"PS,PW,AW,TV,ABS,airbags,HID,AAC,NAVI,AC,Back Camera,Push Start, Parking Sensors,FOG Light,RADIO,Keyless","3,500,000",,,,,,
28 July 2026,30795,TRH219W,TRH219W-0019886,TOYOTA,Hiace Wagon,GL,2014,1/2014,2700,10,4,,B,AT,VAN,WHITE,4,180000,AC,GASOLINE,"PS,PW,AW,TV,ABS,airbags,HID,AAC,NAVI,AC,Back Camera,Push Start, Parking Sensors,FOG Light,RADIO,Keyless","1,330,000",,,,,,
28 July 2026,15946,ZRR80G,ZRR80-0411296,TOYOTA,Esquire,Gi,2018,3/2018,2000,7,4.5,B,C,AT,MINIVAN,WHITE,5,41000,AC,GASOLINE,"PS,PW,AW,TV,ABS,airbags,HID,AAC,NAVI,AC,Back Camera,Push Start, Parking Sensors,FOG Light,RADIO,Keyless","2,200,000",,,,,,
28 July 2026,16265,ZWR80G,ZWR80-0309217,TOYOTA,Esquire,Gi,2018,3/2018,1800,7,3.5,C,C,AT,MINIVAN,BLACK,5,79000,AC,HYBRID,"PS,PW,AW,TV,ABS,airbags,HID,AAC,NAVI,AC,Back Camera,Push Start, Parking Sensors,FOG Light,RADIO,Keyless","1,850,000",,,,,,
28 July 2026,17405,ZWE211H,ZWE211-1020816,TOYOTA,Corolla Sport,GZ,2019,3/2019,1800,5,4,C,C,AT,HATCHBACK,BLACK,5,90000,AC,HYBRID,"PS,PW,AW,TV,ABS,airbags,HID,AAC,NAVI,AC,Back Camera,Push Start, Parking Sensors,FOG Light,RADIO,Keyless","1,450,000",,,,,,
28 July 2026,18025,ZRR80G,ZRR80-0130107,TOYOTA,Esquire,Gi,2015,5/2015,2000,7,4,,,AT,MINIVAN,WHITE,5,41000,AC,GASOLINE,"PS,PW,AW,TV,ABS,airbags,HID,AAC,NAVI,AC,Back Camera,Push Start, Parking Sensors,FOG Light,RADIO,Keyless","1,749,000",,,,,,
28 July 2026,18330,ZRR85G,ZRR85-0083469,TOYOTA,Esquire,Gi,2017,11/2017,2000,7,4,B,C,AT,MINIVAN,BLACK,5,80000,AC,GASOLINE,"PS,PW,AW,TV,ABS,airbags,HID,AAC,NAVI,AC,Back Camera,Push Start, Parking Sensors,FOG Light,RADIO,Keyless","1,900,000",,,,,,
28 July 2026,18635,ZWE211H,ZWE211-1009818,TOYOTA,Corolla Sport,G Z,2018,11/2018,1800,5,4,C,B,AT,HATCHBACK,GREEN,5,70000,AC,HYBRID,"PS,PW,AW,TV,ABS,airbags,HID,AAC,NAVI,AC,Back Camera,Push Start, Parking Sensors,FOG Light,RADIO,Keyless","1,400,000",,,,,,
28 July 2026,20542,ZRR80G,ZRR80-0379749,TOYOTA,Esquire,Gi,2017,12/2017,2000,7,3.4,A,B,AT,MINIVAN,WHITE,5,105000,AC,GASOLINE,"PS,PW,AW,TV,ABS,airbags,HID,AAC,NAVI,AC,Back Camera,Push Start, Parking Sensors,FOG Light,RADIO,Keyless","1,190,000",,,,,,
28 July 2026,21250,ZWR80G,ZWR80-0393392,TOYOTA,Esquire,Gi,2019,4/2019,1800,7,4,B,C,AT,MINIVAN,WHITE,5,37000,AC,HYBRID,"PS,PW,AW,TV,ABS,airbags,HID,AAC,NAVI,AC,Back Camera,Push Start, Parking Sensors,FOG Light,RADIO,Keyless","2,500,000",,,,,,
28 July 2026,21620,ZWR80G,ZWR80-0462730,TOYOTA,Esquire,Gi,2020,7/2020,1800,7,4,C,B,AT,MINIVAN,BLACK,5,47000,AC,HYBRID,"PS,PW,AW,TV,ABS,airbags,HID,AAC,NAVI,AC,Back Camera,Push Start, Parking Sensors,FOG Light,RADIO,Keyless","2,462,000",,,,,,
28 July 2026,22111,ZRR80G,ZRR80-0207077,TOYOTA,Esquire,Gi,2016,5/2016,2000,7,4,C,C,AT,MINIVAN,BLACK,5,50000,AC,HYBRID,"PS,PW,AW,TV,ABS,airbags,HID,AAC,NAVI,AC,Back Camera,Push Start, Parking Sensors,FOG Light,RADIO,Keyless","1,428,000",,,,,,
28 July 2026,22258,ZRR80G,ZRR80-0120717,TOYOTA,Esquire,Gi,2015,4/2015,2000,7,4,,,AT,MINIVAN,LIGHT BLUE,5,49000,AC,HYBRID,"PS,PW,AW,TV,ABS,airbags,HID,AAC,NAVI,AC,Back Camera,Push Start, Parking Sensors,FOG Light,RADIO,Keyless","1,099,000",,,,,,
28 July 2026,22749,ZRR80G,ZRR80-0458729,TOYOTA,Esquire,Gi,2018,10/2018,2000,7,4,C,B,AT,MINIVAN,WHITE,5,60000,AC,GASOLINE,"PS,PW,AW,TV,ABS,airbags,HID,AAC,NAVI,AC,Back Camera,Push Start, Parking Sensors,FOG Light,RADIO,Keyless","1,950,000",,,,,,
28 July 2026,22865,ZWR80G,ZWR80-0087203,TOYOTA,Esquire,Gi,2015,2/2015,1800,7,4,C,B,AT,MINIVAN,WHITE,5,50000,AC,HYBRID,"PS,PW,AW,TV,ABS,airbags,HID,AAC,NAVI,AC,Back Camera,Push Start, Parking Sensors,FOG Light,RADIO,Keyless","1,800,000",,,,,,
26 July 2026,17348,MXAA54,MXAA54-4012857,TOYOTA,RAV4,G,2019,1/2019,2000,5,4,,B,AT,SUV,BLACK,5,50000,AC,GASOLINE,"PS,PW,AW,TV,ABS,airbags,HID,AAC,NAVI,AC,Back Camera,Push Start, Parking Sensors,FOG Light,RADIO,Keyless","2,200,000",,,,,,
26 July 2026,17351,AXAH54,AXAH54-4015351,TOYOTA,RAV4,G,2020,1/2020,2500,5,4,,B,AT,SUV,WHITE,5,69000,AC,HYBRID,"PS,PW,AW,TV,ABS,airbags,HID,AAC,NAVI,AC,Back Camera,Push Start, Parking Sensors,FOG Light,RADIO,Keyless","2,700,000",,,,,,
26 July 2026,17362,MXAA54,MXAA54-2018770,TOYOTA,RAV4,G Z,2020,1/2020,2000,5,4,,B,AT,SUV,WHITE,5,32000,AC,GASOLINE,"PS,PW,AW,TV,ABS,airbags,HID,AAC,NAVI,AC,Back Camera,Push Start, Parking Sensors,FOG Light,RADIO,Keyless","2,550,000",,,,,,
26 July 2026,17363,AXAH54,AXAH54-5017325,TOYOTA,RAV4,G,2025,1/2025,2500,5,4,,B,AT,SUV,W RED,5,25000,AC,HYBRID,"PS,PW,AW,TV,ABS,airbags,HID,AAC,NAVI,AC,Back Camera,Push Start, Parking Sensors,FOG Light,RADIO,Keyless","3,700,000",,,,,,
26 July 2026,17369,MXAA54,MXAA54-5020264,TOYOTA,RAV4,Adventure,2021,1/2021,2000,5,4,,B,AT,SUV,BLACK,5,48000,AC,GASOLINE,"PS,PW,AW,TV,ABS,airbags,HID,AAC,NAVI,AC,Back Camera,Push Start, Parking Sensors,FOG Light,RADIO,Keyless","2,500,000",,,,,,
26 July 2026,17405,A210A,A210A-0095648,TOYOTA,Raize,Z,2025,1/2025,1000,5,4,,B,AT,SUV,WHITE,5,16000,AC,GASOLINE,"PS,PW,AW,TV,ABS,airbags,HID,AAC,NAVI,AC,Back Camera,Push Start, Parking Sensors,FOG Light,RADIO,Keyless","2,180,000",,,,,,
26 July 2026,17403,A210A,A210A-0095630,TOYOTA,Raize,Z,2025,1/2025,1000,5,4,,B,AT,SUV,WHITE,5,13000,AC,GASOLINE,"PS,PW,AW,TV,ABS,airbags,HID,AAC,NAVI,AC,Back Camera,Push Start, Parking Sensors,FOG Light,RADIO,Keyless","2,180,000",,,,,,
26 July 2026,17415,MXAA54,MXAA54-4005480,TOYOTA,RAV4,G Z,2019,1/2019,2000,5,4,,B,AT,SUV,WHITE,5,98000,AC,GASOLINE,"PS,PW,AW,TV,ABS,SR,airbags,HID,AAC,NAVI,AC,Back Camera,Push Start, Parking Sensors,FOG Light,RADIO,Keyless","2,280,000",,,,,,
26 July 2026,19072,A202A,A202A-0016458,TOYOTA,Raize,Z,2022,1/2022,1200,5,4,,B,AT,SUV,BLACK,5,25000,AC,HYBRID,"PS,PW,AW,TV,ABS,airbags,HID,AAC,NAVI,AC,Back Camera,Push Start, Parking Sensors,FOG Light,RADIO,Keyless","2,490,000",,,,,,
26 July 2026,22922,A202A,A202A-0028105,TOYOTA,Raize,Z,2022,1/2022,1200,5,4,,B,AT,SUV,WHITE,5,40000,AC,HYBRID,"PS,PW,AW,TV,ABS,airbags,HID,AAC,NAVI,AC,Back Camera,Push Start, Parking Sensors,FOG Light,RADIO,Keyless","1,950,000",,,,,,
26 July 2026,22949,MXAA54,MXAA54-5021422,TOYOTA,RAV4,Adventure,2021,1/2021,2000,5,4,,B,AT,SUV,BLACK,5,54000,AC,GASOLINE,"PS,PW,AW,TV,ABS,airbags,HID,AAC,NAVI,AC,Back Camera,Push Start, Parking Sensors,FOG Light,RADIO,Keyless","2,600,000",,,,,,
26 July 2026,22969,MXAA54,MXAA54-2038334,TOYOTA,RAV4,Adventure,2023,1/2023,2000,5,4,,B,AT,SUV,BLACK,5,52000,AC,GASOLINE,"PS,PW,AW,TV,ABS,airbags,HID,AAC,NAVI,AC,Back Camera,Push Start, Parking Sensors,FOG Light,RADIO,Keyless","2,800,000",,,,,,
26 July 2026,22983,A201A,A201A-0105055,TOYOTA,Raize,X,2025,1/2025,1200,5,4,,B,AT,SUV,BLACK,5,9000,AC,GASOLINE,"PS,PW,AW,TV,ABS,airbags,HID,AAC,NAVI,AC,Back Camera,Push Start, Parking Sensors,RADIO,Keyless","2,008,000",,,,,,
26 July 2026,23001,A202A,A202A-0160582,TOYOTA,Raize,Z,2026,1/2026,1200,5,4,,B,AT,SUV,WHITE,5,0,AC,HYBRID,"PS,PW,AW,TV,ABS,airbags,HID,AAC,NAVI,AC,Back Camera,Push Start, Parking Sensors,FOG Light,RADIO,Keyless","3,156,000",,,,,,
26 July 2026,24859,A202A,A202A-0131487,TOYOTA,Raize,Z,2026,1/2026,1200,5,4,,B,AT,SUV,WHITE,5,0,AC,HYBRID,"PS,PW,AW,TV,ABS,airbags,HID,AAC,NAVI,AC,Back Camera,Push Start, Parking Sensors,FOG Light,RADIO,Keyless","2,550,000",,,,,,
26 July 2026,26136,AXAN64,AXAN64-2009775,TOYOTA,RAV4,Z,2026,1/2026,2500,5,4,,B,AT,SUV,WHITE,5,0,AC,HYBRID,"PS,PW,AW,TV,ABS,airbags,HID,AAC,NAVI,AC,Back Camera,Push Start, Parking Sensors,FOG Light,RADIO,Keyless","5,200,000",,,,,,
26 July 2026,27879,MXAA54,MXAA54-4034635,TOYOTA,RAV4,Adventure,2022,1/2022,2000,5,4,,B,AT,SUV,BLACK,5,59000,AC,GASOLINE,"PS,PW,AW,TV,ABS,airbags,HID,AAC,NAVI,AC,Back Camera,Push Start, Parking Sensors,FOG Light,RADIO,Keyless","3,040,000",,,,,,
26 July 2026,27881,MXAA54,MXAA54-2004091,TOYOTA,RAV4,Adventure,2019,1/2019,2000,5,4,,B,AT,SUV,BLACK,5,51000,AC,GASOLINE,"PS,PW,AW,TV,ABS,airbags,HID,AAC,NAVI,AC,Back Camera,Push Start, Parking Sensors,FOG Light,RADIO,Keyless","3,000,000",,,,,,
26 July 2026,27922,A200A,A200A-0017410,TOYOTA,Raize,Z,2020,1/2020,1000,5,4,,B,AT,SUV,WHITE,5,52000,AC,GASOLINE,"PS,PW,AW,TV,ABS,airbags,HID,AAC,NAVI,AC,Back Camera,Push Start, Parking Sensors,FOG Light,RADIO,Keyless","1,790,000",,,,,,
26 July 2026,28677,A200A,A200A-0058508,TOYOTA,Raize,Z,2020,1/2020,1000,5,4,,B,AT,SUV,WHITE,5,46000,AC,GASOLINE,"PS,PW,AW,TV,ABS,airbags,HID,AAC,NAVI,AC,Back Camera,Push Start, Parking Sensors,FOG Light,RADIO,Keyless","1,799,000",,,,,,
26 July 2026,35499,A210A,A210A-0017025,TOYOTA,Raize,Z,2020,1/2020,1000,5,4,,B,AT,SUV,WHITE,5,30000,AC,GASOLINE,"PS,PW,AW,TV,ABS,airbags,HID,AAC,NAVI,AC,Back Camera,Push Start, Parking Sensors,FOG Light,RADIO,Keyless","2,180,000",,,,,,
26 July 2026,35504,MXAA54,MXAA54-4022517,TOYOTA,RAV4,G Z,2020,1/2020,2000,5,4,,B,AT,SUV,BLACK,5,37000,AC,GASOLINE,"PS,PW,AW,TV,ABS,airbags,HID,AAC,NAVI,AC,Back Camera,Push Start, Parking Sensors,FOG Light,RADIO,Keyless","2,750,000",,,,,,
26 July 2026,35513,AXAH54,AXAH54-5019035,TOYOTA,RAV4,G,2025,1/2025,2500,5,4,,B,AT,SUV,BLACK,5,17000,AC,HYBRID,"PS,PW,AW,TV,ABS,airbags,HID,AAC,NAVI,AC,Back Camera,Push Start, Parking Sensors,FOG Light,RADIO,Keyless","3,890,000",,,,,,
26 July 2026,37161,A210A,A210A-0028354,TOYOTA,Raize,XS,2020,1/2020,1000,5,4,,B,AT,SUV,SILVER,5,55000,AC,GASOLINE,"PS,PW,AW,TV,ABS,airbags,HID,AAC,NAVI,AC,Back Camera,Push Start, Parking Sensors,RADIO,Keyless","1,500,000",,,,,,
26 July 2026,37183,A210A,A210A-0098582,TOYOTA,Raize,Z,2025,1/2025,1000,5,4,,B,AT,SUV,WHITE,5,17000,AC,GASOLINE,"PS,PW,AW,TV,ABS,airbags,HID,AAC,NAVI,AC,Back Camera,Push Start, Parking Sensors,FOG Light,RADIO,Keyless","2,130,000",,,,,,
26 July 2026,37184,A210A,A210A-0098573,TOYOTA,Raize,Z,2025,1/2025,1000,5,4,,B,AT,SUV,WHITE,5,15000,AC,GASOLINE,"PS,PW,AW,TV,ABS,airbags,HID,AAC,NAVI,AC,Back Camera,Push Start, Parking Sensors,FOG Light,RADIO,Keyless","2,130,000",,,,,,
26 July 2026,37185,A210A,A210A-0098581,TOYOTA,Raize,Z,2025,1/2025,1000,5,4,,B,AT,SUV,WHITE,5,17000,AC,GASOLINE,"PS,PW,AW,TV,ABS,airbags,HID,AAC,NAVI,AC,Back Camera,Push Start, Parking Sensors,FOG Light,RADIO,Keyless","2,130,000",,,,,,
26 July 2026,37190,A210A,A210A-0098563,TOYOTA,Raize,Z,2025,1/2025,1000,5,4,,B,AT,SUV,WHITE,5,19000,AC,GASOLINE,"PS,PW,AW,TV,ABS,airbags,HID,AAC,NAVI,AC,Back Camera,Push Start, Parking Sensors,FOG Light,RADIO,Keyless","2,130,000",,,,,,
26 July 2026,37209,MXAA54,MXAA54-2042088,TOYOTA,RAV4,Adventure,2025,1/2025,2000,5,4,,B,AT,SUV,BLACK,5,16000,AC,GASOLINE,"PS,PW,AW,TV,ABS,airbags,HID,AAC,NAVI,AC,Back Camera,Push Start, Parking Sensors,FOG Light,RADIO,Keyless","3,300,000",,,,,,
26 July 2026,37219,A210A,A210A-0092352,TOYOTA,Raize,X,2025,1/2025,1000,5,4,,B,AT,SUV,BLACK,5,15000,AC,GASOLINE,"PS,PW,AW,TV,ABS,airbags,HID,AAC,NAVI,AC,Back Camera,Push Start, Parking Sensors,RADIO,Keyless","1,960,000",,,,,,
26 July 2026,37235,MXAA54,MXAA54-2022651,TOYOTA,RAV4,G,2020,1/2020,2000,5,4,,B,AT,SUV,WHITE,5,51000,AC,GASOLINE,"PS,PW,AW,TV,ABS,airbags,HID,AAC,NAVI,AC,Back Camera,Push Start, Parking Sensors,FOG Light,RADIO,Keyless","2,700,000",,,,,,
26 July 2026,37241,A210A,A210A-0092805,TOYOTA,Raize,X,2025,1/2025,1000,5,4,,B,AT,SUV,WHITE,5,21000,AC,GASOLINE,"PS,PW,AW,TV,ABS,airbags,HID,AAC,NAVI,AC,Back Camera,Push Start, Parking Sensors,RADIO,Keyless","1,900,000",,,,,,
26 July 2026,37247,MXAA54,MXAA54-5002699,TOYOTA,RAV4,X,2019,1/2019,2000,5,4,,B,AT,SUV,BLACK,5,44000,AC,GASOLINE,"PS,PW,AW,TV,ABS,airbags,HID,AAC,NAVI,AC,Back Camera,Push Start, Parking Sensors,RADIO,Keyless","2,600,000",,,,,,
26 July 2026,39220,AXAH54,AXAH54-4052040,TOYOTA,RAV4,G,2023,1/2023,2500,5,4,,B,AT,SUV,BLACK,5,38000,AC,HYBRID,"PS,PW,AW,TV,ABS,airbags,HID,AAC,NAVI,AC,Back Camera,Push Start, Parking Sensors,FOG Light,RADIO,Keyless","3,600,000",,,,,,
26 July 2026,44933,MXAA54,MXAA54-4023999,TOYOTA,RAV4,X,2021,1/2021,2000,5,4,,B,AT,SUV,WHITE,5,58000,AC,GASOLINE,"PS,PW,AW,TV,ABS,airbags,HID,AAC,NAVI,AC,Back Camera,Push Start, Parking Sensors,RADIO,Keyless","2,480,000",,,,,,
26 July 2026,59642,A200A,A200A-0109257,TOYOTA,Raize,XS,2021,1/2021,1000,5,4,,B,AT,SUV,BLACK,5,36000,AC,GASOLINE,"PS,PW,AW,TV,ABS,airbags,HID,AAC,NAVI,AC,Back Camera,Push Start, Parking Sensors,RADIO,Keyless","1,520,000",,,,,,
26 July 2026,61896,MXAA54,MXAA54-5048850,TOYOTA,RAV4,G,2024,1/2024,2000,5,4,,B,AT,SUV,WHITE,5,25000,AC,GASOLINE,"PS,PW,AW,TV,ABS,SR,airbags,HID,AAC,NAVI,AC,Back Camera,Push Start, Parking Sensors,FOG Light,RADIO,Keyless","3,420,000",,,,,,
26 July 2026,63556,AXAH54,AXAH54-4001888,TOYOTA,RAV4,G,2019,1/2019,2500,5,4,,B,AT,SUV,W RED,5,135000,AC,HYBRID,"PS,PW,AW,TV,ABS,airbags,HID,AAC,NAVI,AC,Back Camera,Push Start, Parking Sensors,FOG Light,RADIO,Keyless","2,070,000",,,,,,
26 July 2026,65791,A201A,A201A-0123169,TOYOTA,Raize,X,2025,1/2025,1200,5,4,,B,AT,SUV,BLACK,5,11000,AC,GASOLINE,"PS,PW,AW,TV,ABS,airbags,HID,AAC,NAVI,AC,Back Camera,Push Start, Parking Sensors,RADIO,Keyless","1,550,000",,,,,,
26 July 2026,65812,AXVH70,AXVH70-1053533,TOYOTA,Camry,WS,2019,1/2019,2500,5,4,,B,AT,SEDAN,WHITE,5,37000,AC,HYBRID,"PS,PW,AW,TV,ABS,airbags,HID,AAC,NAVI,AC,Back Camera,Push Start, Parking Sensors,FOG Light,RADIO,Keyless","2,700,000",,,,,,
26 July 2026,71870,MXAA54,MXAA54-4008806,TOYOTA,RAV4,G Z,2019,1/2019,2000,5,4,,B,AT,SUV,BLACK,5,68000,AC,GASOLINE,"PS,PW,AW,TV,ABS,airbags,HID,AAC,NAVI,AC,Back Camera,Push Start, Parking Sensors,FOG Light,RADIO,Keyless","2,550,000",,,,,,
26 July 2026,72090,MXAA54,MXAA54-4024568,TOYOTA,RAV4,G Z,2021,1/2021,2000,5,4,,B,AT,SUV,BLACK,5,36000,AC,GASOLINE,"PS,PW,AW,TV,ABS,airbags,HID,AAC,NAVI,AC,Back Camera,Push Start, Parking Sensors,FOG Light,RADIO,Keyless","2,850,000",,,,,,
26 July 2026,72101,A202A,A202A-0003333,TOYOTA,Raize,Z,2022,1/2022,1200,5,4,,B,AT,SUV,W RED,5,59000,AC,HYBRID,"PS,PW,AW,TV,ABS,airbags,HID,AAC,NAVI,AC,Back Camera,Push Start, Parking Sensors,FOG Light,RADIO,Keyless","1,850,000",,,,,,
26 July 2026,72110,A201A,A201A-0123698,TOYOTA,Raize,X,2025,1/2025,1200,5,4,,B,AT,SUV,BLACK,5,4000,AC,GASOLINE,"PS,PW,AW,TV,ABS,airbags,HID,AAC,NAVI,AC,Back Camera,Push Start, Parking Sensors,RADIO,Keyless","1,750,000",,,,,,
26 July 2026,86653,AXAN64,AXAN64-2011810,TOYOTA,RAV4,Adventure,2026,1/2026,2500,5,4,,B,AT,SUV,BLACK,5,0,AC,HYBRID,"PS,PW,AW,TV,ABS,airbags,HID,AAC,NAVI,AC,Back Camera,Push Start, Parking Sensors,FOG Light,RADIO,Keyless","4,900,000",,,,,,
26 July 2026,86654,A202A,A202A-0164965,TOYOTA,Raize,Z,2026,1/2026,1200,5,4,,B,AT,SUV,GRAY,5,0,AC,HYBRID,"PS,PW,AW,TV,ABS,airbags,HID,AAC,NAVI,AC,Back Camera,Push Start, Parking Sensors,FOG Light,RADIO,Keyless","2,525,000",,,,,,
26 July 2026,88047,AXVH70,AXVH70-1014389,TOYOTA,Camry,G,2017,1/2017,2500,5,4,,B,AT,SEDAN,BLUE,4,120000,AC,HYBRID,"PS,PW,AW,TV,ABS,airbags,HID,AAC,NAVI,AC,Back Camera,Push Start, Parking Sensors,FOG Light,RADIO,Keyless","1,320,000",,,,,,
26 July 2026,88080,A202A,A202A-0060635,TOYOTA,Raize,G,2024,1/2024,1200,5,4,,B,AT,SUV,WHITE,5,29000,AC,HYBRID,"PS,PW,AW,TV,ABS,airbags,HID,AAC,NAVI,AC,Back Camera,Push Start, Parking Sensors,RADIO,Keyless","2,030,000",,,,,,
26 July 2026,88443,MXAA54,MXAA54-2011752,TOYOTA,RAV4,G,2019,1/2019,2000,5,4,,B,AT,SUV,BLACK,5,45000,AC,GASOLINE,"PS,PW,AW,TV,ABS,airbags,HID,AAC,NAVI,AC,Back Camera,Push Start, Parking Sensors,FOG Light,RADIO,Keyless","2,550,000",,,,,,
26 July 2026,88545,AXAH54,AXAH54-4001596,TOYOTA,RAV4,X,2019,1/2019,2500,5,4,,B,AT,SUV,WHITE,5,51000,AC,HYBRID,"PS,PW,AW,TV,ABS,airbags,HID,AAC,NAVI,AC,Back Camera,Push Start, Parking Sensors,FOG Light,RADIO,Keyless","2,450,000",,,,,,
25 July 2026,9007,AWL10,AWL10-7005242,LEXUS,GS,I Package,2017,11/2017,2500,5,4,C,C,AT,SEDAN,BLACK,4,75000,AC,HYBRID,"PS,PW,AW,TV,ABS,airbags,HID,AAC,NAVI,AC,Back Camera,Push Start, Parking Sensors,FOG Light,RADIO,Keyless","1,940,000",,,,,,
25 July 2026,9035,GDJ76W,GDJ76-1007004,TOYOTA,Land Cruiser Wagon,AXE,2025,2/2025,2800,5,6,A,A,AT,SUV,GOLD,5,7000,AC,Diesel,"PS,PW,AW,TV,ABS,airbags,HID,AAC,NAVI,AC,Back Camera,Push Start, Parking Sensors,FOG Light,RADIO,Keyless","6,760,000",,,,,,
25 July 2026,9723,GRL11,GRL11-7000008,LEXUS,GS,F-Sport,2015,11/2015,2500,5,3.5,D,B,AT,SEDAN,SILVER,4,50000,AC,GASOLINE,"PS,PW,AW,TV,ABS,SR,airbags,HID,AAC,NAVI,AC,Back Camera,Push Start, Parking Sensors,FOG Light,RADIO,Keyless","2,120,000",,,,,,
25 July 2026,10414,GWL10,GWL10-6002366,LEXUS,GS,F-Sport,2012,7/2012,3500,5,3.5,B,B,AT,SEDAN,WHITE,4,158000,AC,HYBRID,"PS,PW,AW,TV,ABS,SR,airbags,HID,AAC,NAVI,AC,Back Camera,Push Start, Parking Sensors,FOG Light,RADIO,Keyless","958,000",,,,,,
25 July 2026,10569,TRJ250W,TRJ250-0004619,TOYOTA,Land Cruiser Wagon,ＶＸ,2024,7/2024,2700,7,6,A,A,AT,SUV,WHITE,5,15000,AC,GASOLINE,"PS,PW,AW,TV,ABS,SR,airbags,HID,AAC,NAVI,AC,Back Camera,Push Start, Parking Sensors,FOG Light,RADIO,Keyless","5,330,000",,,,,,
25 July 2026,10926,TRJ250W,TRJ250-0023045,TOYOTA,Land Cruiser Wagon,ＶＸ,2025,4/2025,2700,7,6,A,A,AT,SUV,WHITE,5,12000,AC,GASOLINE,"PS,PW,AW,TV,ABS,SR,airbags,HID,AAC,NAVI,AC,Back Camera,Push Start, Parking Sensors,FOG Light,RADIO,Keyless","5,270,000",,,,,,
25 July 2026,12505,TRJ250W,TRJ250-0014934,TOYOTA,Land Cruiser Wagon,ＶＸ,2024,11/2024,2700,7,6,,,AT,SUV,WHITE,5,0,AC,GASOLINE,"PS,PW,AW,TV,ABS,SR,airbags,HID,AAC,NAVI,AC,Back Camera,Push Start, Parking Sensors,FOG Light,RADIO,Keyless","6,200,000",,,,,,
25 July 2026,13363,TRJ250W,TRJ250-0017879,TOYOTA,Land Cruiser Wagon,ＶＸ,2025,1/2025,2700,7,5,A,B,AT,SUV,BLACK,5,10000,AC,GASOLINE,"PS,PW,AW,TV,ABS,SR,airbags,HID,AAC,NAVI,AC,Back Camera,Push Start, Parking Sensors,FOG Light,RADIO,Keyless","5,380,000",,,,,,
25 July 2026,13483,GWL10,GWL10-7002531,LEXUS,GS,Version L,2017,8/2017,3500,5,4.5,B,C,AT,SEDAN,BLACK,4,79000,AC,HYBRID,"PS,PW,AW,TV,ABS,SR,airbags,HID,AAC,NAVI,AC,Back Camera,Push Start, Parking Sensors,FOG Light,RADIO,Keyless","2,600,000",,,,,,
25 July 2026,15749,TRJ250W,TRJ250-0029,TOYOTA,Land Cruiser Wagon,ＶＸ,2025,9/2025,2700,7,5,A,A,AT,SUV,WHITE,5,4000,AC,GASOLINE,"PS,PW,AW,TV,ABS,SR,airbags,HID,AAC,NAVI,AC,Back Camera,Push Start, Parking Sensors,FOG Light,RADIO,Keyless","5,670,000",,,,,,
25 July 2026,15825,TRJ250W,TRJ250-0008826,TOYOTA,Land Cruiser Wagon,ＶＸ,2024,8/2024,2700,7,5,A,B,AT,SUV,WHITE,5,9000,AC,GASOLINE,"PS,PW,AW,TV,ABS,SR,airbags,HID,AAC,NAVI,AC,Back Camera,Push Start, Parking Sensors,FOG Light,RADIO,Keyless","5,580,000",,,,,,
25 July 2026,16491,TRJ250W,TRJ250-0021850,TOYOTA,Land Cruiser Wagon,ＶＸ,2025,3/2025,2700,7,5,A,A,AT,SUV,WHITE,5,1000,AC,GASOLINE,"PS,PW,AW,TV,ABS,SR,airbags,HID,AAC,NAVI,AC,Back Camera,Push Start, Parking Sensors,FOG Light,RADIO,Keyless","5,710,000",,,,,,
25 July 2026,17650,VJA300W,VJA300-4015486,TOYOTA,Land Cruiser Wagon,ZX,2021,8/2021,3500,7,5,,,AT,SUV,WHITE,5,12000,AC,GASOLINE,"PS,PW,AW,TV,ABS,SR,airbags,HID,AAC,NAVI,AC,Back Camera,Push Start, Parking Sensors,FOG Light,RADIO,Keyless","12,990,000",,,,,,
25 July 2026,18028,GDJ76W,GDJ76-1008740,TOYOTA,Land Cruiser Wagon,AXE,2025,5/2025,2800,5,6,,,AT,SUV,BLACK,5,7000,AC,Diesel,"PS,PW,AW,TV,ABS,airbags,HID,AAC,NAVI,AC,Back Camera,Parking Sensors,FOG Light,RADIO,Keyless","7,000,000",,,,,,
25 July 2026,18490,TRJ250W,TRJ250-0002514,TOYOTA,Land Cruiser Wagon,VX,2024,7/2024,2700,7,5,A,B,AT,SUV,WHITE,5,14000,AC,GASOLINE,"PS,PW,AW,TV,ABS,SR,airbags,HID,AAC,NAVI,AC,Back Camera,Push Start, Parking Sensors,FOG Light,RADIO,Keyless","5,400,000",,,,,,
25 July 2026,19756,TRJ250W,TRJ250-0017570,TOYOTA,Land Cruiser Wagon,ＶＸ,2025,1/2025,2700,7,5,A,A,AT,SUV,WHITE,5,10000,AC,GASOLINE,"PS,PW,AW,TV,ABS,SR,airbags,HID,AAC,NAVI,AC,Back Camera,Push Start, Parking Sensors,FOG Light,RADIO,Keyless","5,250,000",,,,,,
25 July 2026,21136,TRJ250W,TRJ250-0004172,TOYOTA,Land Cruiser Wagon,ＶＸ,2024,8/2024,2700,7,5,A,B,AT,SUV,WHITE,5,16000,AC,GASOLINE,"PS,PW,AW,TV,ABS,SR,airbags,HID,AAC,NAVI,AC,Back Camera,Push Start, Parking Sensors,FOG Light,RADIO,Keyless","5,390,000",,,,,,
25 July 2026,21145,ZC83S,ZC83S-117175,SUZUKI,Swift,ＸＧ,2018,3/2018,1200,5,4.5,B,B,AT,HATCHBACK,SILVER,5,56000,AC,GASOLINE,"PS,PW,AW,TV,ABS,airbags,HID,AAC,NAVI,AC,Back Camera,Push Start, Parking Sensors,RADIO,Keyless","830,000",,,,,,
25 July 2026,24335,VJA300W,VJA300-4198669,TOYOTA,Land Cruiser Wagon,ZX,2025,7/2025,3500,7,5,A,A,AT,SUV,WHITE,5,0,AC,GASOLINE,"PS,PW,AW,TV,ABS,SR,airbags,HID,AAC,NAVI,AC,Back Camera,Push Start, Parking Sensors,FOG Light,RADIO,Keyless","10,200,000",,,,,,
25 July 2026,24318,GDJ250W,GDJ250-0003156,TOYOTA,Land Cruiser Wagon,ＶＸ,2024,1/2024,2800,7,4.5,B,A,AT,SUV,WHITE,5,2000,AC,Diesel,"PS,PW,AW,TV,ABS,SR,airbags,HID,AAC,NAVI,AC,Back Camera,Push Start, Parking Sensors,FOG Light,RADIO,Keyless","7,550,000",,,,,,
25 July 2026,24491,ZC33S,ZC33S-426785,SUZUKI,Swift,Sports,2022,7/2022,1400,5,4,C,B,MT,HATCHBACK,BLACK,5,55000,AC,GASOLINE,"PS,PW,AW,TV,ABS,airbags,HID,AAC,NAVI,AC,Back Camera,Push Start, Parking Sensors,FOG Light,RADIO,Keyless","1,650,000",,,,,,
25 July 2026,24978,TRJ250W,TRJ250-0027401,TOYOTA,Land Cruiser Wagon,VX,2025,7/2025,2700,7,5,A,A,AT,SUV,WHITE,5,5000,AC,GASOLINE,"PS,PW,AW,TV,ABS,SR,airbags,HID,AAC,NAVI,AC,Back Camera,Push Start, Parking Sensors,FOG Light,RADIO,Keyless","5,540,000",,,,,,
25 July 2026,25747,FJA300W,FJA300-4042565,TOYOTA,Land Cruiser Wagon,ZX,2023,3/2023,3300,5,5,,,AT,SUV,BLACK,5,16000,AC,Diesel,"PS,PW,AW,TV,ABS,SR,airbags,HID,AAC,NAVI,AC,Back Camera,Push Start, Parking Sensors,FOG Light,RADIO,Keyless","11,290,000",,,,,,
25 July 2026,26013,ZC33S,ZC33S-121861,SUZUKI,Swift,Sports,2019,4/2019,1400,5,4.5,,,AT,HATCHBACK,RED,5,42000,AC,GASOLINE,"PS,PW,AW,TV,ABS,airbags,HID,AAC,NAVI,AC,Back Camera,Push Start, Parking Sensors,FOG Light,RADIO,Keyless","1,449,000",,,,,,
25 July 2026,26426,GDJ250W,GDJ250-0012916,TOYOTA,Land Cruiser Wagon,VX,2024,11/2024,2800,7,6,A,A,AT,SUV,WHITE,5,3000,AC,Diesel,"PS,PW,AW,TV,ABS,SR,airbags,HID,AAC,NAVI,AC,Back Camera,Push Start, Parking Sensors,FOG Light,RADIO,Keyless","6,800,000",,,,,,
25 July 2026,26566,TRJ250W,TRJ250-0015011,TOYOTA,Land Cruiser Wagon,VX,2025,1/2025,2700,7,4.5,B,B,AT,SUV,WHITE,5,14000,AC,GASOLINE,"PS,PW,AW,TV,ABS,SR,airbags,HID,AAC,NAVI,AC,Back Camera,Push Start, Parking Sensors,FOG Light,RADIO,Keyless","5,580,000",,,,,,
25 July 2026,27139,ZC33S,ZC33S-506222,SUZUKI,Swift,Sports,2023,2/2023,1400,5,4.5,B,B,MT,HATCHBACK,SILVER,5,26000,AC,GASOLINE,"PS,PW,AW,TV,ABS,airbags,HID,AAC,NAVI,AC,Back Camera,Push Start, Parking Sensors,FOG Light,RADIO,Keyless","1,780,000",,,,,,
25 July 2026,27566,TRJ250W,TRJ250-0025209,TOYOTA,Land Cruiser Wagon,VX,2025,6/2025,2700,7,5,A,A,AT,SUV,WHITE,5,10000,AC,GASOLINE,"PS,PW,AW,TV,ABS,SR,airbags,HID,AAC,NAVI,AC,Back Camera,Push Start, Parking Sensors,FOG Light,RADIO,Keyless","5,350,000",,,,,,
25 July 2026,27611,ZC33S,ZC33S-105319,SUZUKI,Swift,Sports,2018,3/2018,1400,5,4,C,B,AT,HATCHBACK,SILVER,5,56000,AC,GASOLINE,"PS,PW,AW,TV,ABS,airbags,HID,AAC,NAVI,AC,Back Camera,Push Start, Parking Sensors,FOG Light,RADIO,Keyless","1,340,000",,,,,,
25 July 2026,27850,ZC72S,ZC72S-300972,SUZUKI,Swift,RS,2013,8/2013,1200,5,4,C,B,AT,HATCHBACK,SILVER,5,39000,AC,GASOLINE,"PS,PW,AW,TV,ABS,airbags,HID,AAC,NAVI,AC,Back Camera,Push Start, Parking Sensors,FOG Light,RADIO,Keyless","820,000",,,,,,
25 July 2026,28370,GDJ250W,GDJ250-0012968,TOYOTA,Land Cruiser Wagon,ZX,2024,11/2024,2800,7,5,A,A,AT,SUV,WHITE,5,9000,AC,Diesel,"PS,PW,AW,TV,ABS,SR,airbags,HID,AAC,NAVI,AC,Back Camera,Push Start, Parking Sensors,FOG Light,RADIO,Keyless","7,385,000",,,,,,
25 July 2026,28470,TRJ250W,TRJ250-0008167,TOYOTA,Land Cruiser Wagon,VX,2024,8/2024,2700,7,4,C,A,AT,SUV,WHITE,5,15000,AC,GASOLINE,"PS,PW,AW,TV,ABS,SR,airbags,HID,AAC,NAVI,AC,Back Camera,Push Start, Parking Sensors,FOG Light,RADIO,Keyless","5,490,000",,,,,,
25 July 2026,28670,VJA300W,VJA300-4070127,TOYOTA,Land Cruiser Wagon,GR Sport,2023,2/2023,3500,7,4.5,,,AT,SUV,BLACK,5,11000,AC,GASOLINE,"PS,PW,AW,TV,ABS,SR,airbags,HID,AAC,NAVI,AC,Back Camera,Push Start, Parking Sensors,FOG Light,RADIO,Keyless","9,999,000",,,,,,
25 July 2026,28812,ZC72S,ZC72S-355415,SUZUKI,Swift,XG,2015,7/2015,1200,5,4,C,C,AT,HATCHBACK,SILVER,5,82000,AC,GASOLINE,"PS,PW,AW,TV,ABS,airbags,HID,AAC,NAVI,AC,Back Camera,Push Start, Parking Sensors,RADIO,Keyless","250,000",,,,,,
25 July 2026,30383,GDJ250W,GDJ250-0008983,TOYOTA,Land Cruiser Wagon,VX,2024,10/2024,2800,7,6,A,A,AT,SUV,WHITE,5,3000,AC,Diesel,"PS,PW,AW,TV,ABS,SR,airbags,HID,AAC,NAVI,AC,Back Camera,Push Start, Parking Sensors,FOG Light,RADIO,Keyless","6,750,000",,,,,,
25 July 2026,30478,ZCDDS,ZCDDS-105124,SUZUKI,Swift,XG,2024,11/2024,1200,5,4,C,B,AT,HATCHBACK,BLACK,5,35000,AC,GASOLINE,"PS,PW,AW,TV,ABS,airbags,HID,AAC,NAVI,AC,Back Camera,Push Start, Parking Sensors,RADIO,Keyless","1,200,000",,,,,,
25 July 2026,30961,ZCEDS,ZCEDS-111140,SUZUKI,Swift,MZ,2024,8/2024,1200,5,6,A,A,AT,HATCHBACK,BLUE,5,4000,AC,HYBRID,"PS,PW,AW,TV,ABS,airbags,HID,AAC,NAVI,AC,Back Camera,Push Start, Parking Sensors,FOG Light,RADIO,Keyless","1,578,000",,,,,,
25 July 2026,31086,TRJ250W,TRJ250-0016781,TOYOTA,Land Cruiser Wagon,VX,2024,11/2024,2700,7,4.5,B,B,AT,SUV,WHITE,5,8000,AC,GASOLINE,"PS,PW,AW,TV,ABS,SR,airbags,HID,AAC,NAVI,AC,Back Camera,Push Start, Parking Sensors,FOG Light,RADIO,Keyless","5,350,000",,,,,,
25 July 2026,31129,TRJ250W,TRJ250-0021970,TOYOTA,Land Cruiser Wagon,VX,2025,2/2025,2700,7,5,A,B,AT,SUV,WHITE,5,20000,AC,GASOLINE,"PS,PW,AW,TV,ABS,SR,airbags,HID,AAC,NAVI,AC,Back Camera,Push Start, Parking Sensors,FOG Light,RADIO,Keyless","5,290,000",,,,,,
25 July 2026,31564,ZC72S,ZC72S-371265,SUZUKI,Swift,ＸＧ－ＤＪＥ,2016,5/2016,1200,5,4,C,B,AT,HATCHBACK,BLACK,5,87000,AC,GASOLINE,"PS,PW,AW,TV,ABS,airbags,HID,AAC,NAVI,AC,Back Camera,Push Start, Parking Sensors,RADIO,Keyless","650,000",,,,,,
25 July 2026,32806,TRJ250W,TRJ250-0021208,TOYOTA,Land Cruiser Wagon,VX,2025,2/2025,2700,7,4.5,B,A,AT,SUV,BLACK,5,8000,AC,GASOLINE,"PS,PW,AW,TV,ABS,SR,airbags,HID,AAC,NAVI,AC,Back Camera,Push Start, Parking Sensors,FOG Light,RADIO,Keyless","5,450,000",,,,,,
25 July 2026,33110,TRJ250W,TRJ250-0031,TOYOTA,Land Cruiser Wagon,VX,2025,11/2025,2700,7,S,A,A,AT,SUV,WHITE,5,0,AC,GASOLINE,"PS,PW,AW,TV,ABS,SR,airbags,HID,AAC,NAVI,AC,Back Camera,Push Start, Parking Sensors,FOG Light,RADIO,Keyless","5,500,000",,,,,,
25 July 2026,33239,ZDEDS,ZDEDS-102388,SUZUKI,Swift,MX,2024,7/2024,1200,5,4,C,B,AT,HATCHBACK,WHITE,5,20000,AC,HYBRID,"PS,PW,AW,TV,ABS,airbags,HID,AAC,NAVI,AC,Back Camera,Push Start, Parking Sensors,RADIO,Keyless","1,600,000",,,,,,
25 July 2026,33471,TRJ250W,TRJ250-0014559,TOYOTA,Land Cruiser Wagon,VX,2024,11/2024,2700,5,4.5,B,B,AT,SUV,BLACK,5,6000,AC,GASOLINE,"PS,PW,AW,TV,ABS,SR,airbags,HID,AAC,NAVI,AC,Back Camera,Push Start, Parking Sensors,FOG Light,RADIO,Keyless","5,450,000",,,,,,
25 July 2026,33645,VJA300W,VJA300-4225,TOYOTA,Land Cruiser Wagon,GR Sport,2026,2/2026,3500,7,6,A,A,AT,SUV,BLACK,5,0,AC,GASOLINE,"PS,PW,AW,TV,ABS,SR,airbags,HID,AAC,NAVI,AC,Back Camera,Push Start, Parking Sensors,FOG Light,RADIO,Keyless","10,390,000",,,,,,
25 July 2026,35734,TRJ250W,TRJ250-0017710,TOYOTA,Land Cruiser Wagon,VX,2024,12/2024,2700,7,6,A,A,AT,SUV,GRAY,5,7000,AC,GASOLINE,"PS,PW,AW,TV,ABS,SR,airbags,HID,AAC,NAVI,AC,Back Camera,Push Start, Parking Sensors,FOG Light,RADIO,Keyless","5,590,000",,,,,,
25 July 2026,36349,ZC33S,ZC33S-111358,SUZUKI,Swift,Sports,2018,6/2018,1400,5,4.5,,,AT,HATCHBACK,WHITE,5,54000,AC,GASOLINE,"PS,PW,AW,TV,ABS,airbags,HID,AAC,NAVI,AC,Back Camera,Push Start, Parking Sensors,FOG Light,RADIO,Keyless","1,519,000",,,,,,
25 July 2026,36574,ZC72S,ZC72S-229317,SUZUKI,Swift,XG,2013,6/2013,1200,5,4,C,B,AT,HATCHBACK,BLACK,5,41000,AC,GASOLINE,"PS,PW,AW,TV,ABS,airbags,HID,AAC,NAVI,AC,Back Camera,Push Start, Parking Sensors,RADIO,Keyless","420,000",,,,,,
25 July 2026,37964,TRJ250W,TRJ250-0020064,TOYOTA,Land Cruiser Wagon,VX,2025,1/2025,2700,7,5,A,A,AT,SUV,WHITE,5,13000,AC,GASOLINE,"PS,PW,AW,TV,ABS,SR,airbags,HID,AAC,NAVI,AC,Back Camera,Push Start, Parking Sensors,FOG Light,RADIO,Keyless","5,220,000",,,,,,
25 July 2026,39288,GDJ250W,GDJ250-0021977,TOYOTA,Land Cruiser Wagon,VX,2025,6/2025,2800,7,5,A,A,AT,SUV,GRAY,5,2000,AC,Diesel,"PS,PW,AW,TV,ABS,SR,airbags,HID,AAC,NAVI,AC,Back Camera,Push Start, Parking Sensors,FOG Light,RADIO,Keyless","7,000,000",,,,,,